nombre_negocio,rating,reseñas,categorias,precio,direccion,telefono,url_yelp
Cariño,5.0,24,"Latin American, Tacos",No especificado,"4662 N Broadway, Chicago, IL 60640",13127226838.0,https://www.yelp.com/biz/cari%C3%B1o-chicago-3?adjust_creative=GWOCZh9-BmZxtdsAjr7Gug&utm_campaign=yelp_api_v3&utm_medium=api_v3_business_search&utm_source=GWOCZh9-BmZxtdsAjr7Gug
Lao Der,5.0,34,Laotian,No especificado,"3922 N Elston Ave, Chicago, IL 60618",18722414879.0,https://www.yelp.com/biz/lao-der-chicago?adjust_creative=GWOCZh9-BmZxtdsAjr7Gug&utm_campaign=yelp_api_v3&utm_medium=api_v3_business_search&utm_source=GWOCZh9-BmZxtdsAjr7Gug
To Korean Cuisine,4.9,12,Korean,No especificado,"3108 N Broadway, Chicago, IL 60657",17733608036.0,https://www.yelp.com/biz/to-korean-cuisine-chicago?adjust_creative=GWOCZh9-BmZxtdsAjr7Gug&utm_campaign=yelp_api_v3&utm_medium=api_v3_business_search&utm_source=GWOCZh9-BmZxtdsAjr7Gug
3 Asian Sisters,4.9,22,Vietnamese,No especificado,"818 West Fullerton Ave, Chicago, IL 60614",13129550011.0,https://www.yelp.com/biz/3-asian-sisters-chicago?adjust_creative=GWOCZh9-BmZxtdsAjr7Gug&utm_campaign=yelp_api_v3&utm_medium=api_v3_business_search&utm_source=GWOCZh9-BmZxtdsAjr7Gug
Omakase Shoji,4.9,39,"Japanese, Bars",No especificado,"1641 W Chicago Ave, Chicago, IL 60622",,https://www.yelp.com/biz/omakase-shoji-chicago?adjust_creative=GWOCZh9-BmZxtdsAjr7Gug&utm_campaign=yelp_api_v3&utm_medium=api_v3_business_search&utm_source=GWOCZh9-BmZxtdsAjr7Gug
Pilot Project Brewing,4.8,6,"Breweries, Cocktail Bars, Asian Fusion",No especificado,"3473 N Clark St, Chicago, IL 60657",17737703779.0,https://www.yelp.com/biz/pilot-project-brewing-chicago-7?adjust_creative=GWOCZh9-BmZxtdsAjr7Gug&utm_campaign=yelp_api_v3&utm_medium=api_v3_business_search&utm_source=GWOCZh9-BmZxtdsAjr7Gug
Matilda,4.8,24,"Mexican, Peruvian, Cocktail Bars",No especificado,"535 N Wells St, Chicago, IL 60654",,https://www.yelp.com/biz/matilda-chicago-3?adjust_creative=GWOCZh9-BmZxtdsAjr7Gug&utm_campaign=yelp_api_v3&utm_medium=api_v3_business_search&utm_source=GWOCZh9-BmZxtdsAjr7Gug
Mahanakhon Noodle Bar,4.8,33,"Thai, Noodles",No especificado,"2907 N Lincoln Ave, Chicago, IL 60657",17739753333.0,https://www.yelp.com/biz/mahanakhon-noodle-bar-chicago?adjust_creative=GWOCZh9-BmZxtdsAjr7Gug&utm_campaign=yelp_api_v3&utm_medium=api_v3_business_search&utm_source=GWOCZh9-BmZxtdsAjr7Gug
Void,4.8,40,"Italian, Seafood, Cocktail Bars",No especificado,"2937 N Milwaukee Ave, Chicago, IL 60618",,https://www.yelp.com/biz/void-chicago?adjust_creative=GWOCZh9-BmZxtdsAjr7Gug&utm_campaign=yelp_api_v3&utm_medium=api_v3_business_search&utm_source=GWOCZh9-BmZxtdsAjr7Gug
Charlie Martin's,4.8,46,Supper Clubs,No especificado,"736 N Clark St, Chicago, IL 60654",13129293174.0,https://www.yelp.com/biz/charlie-martins-chicago?adjust_creative=GWOCZh9-BmZxtdsAjr7Gug&utm_campaign=yelp_api_v3&utm_medium=api_v3_business_search&utm_source=GWOCZh9-BmZxtdsAjr7Gug
Taste of Japan,4.7,20,"Sushi Bars, Japanese Curry, Ramen",No especificado,"201 N Wells St, Chicago, IL 60606",13125889818.0,https://www.yelp.com/biz/taste-of-japan-chicago?adjust_creative=GWOCZh9-BmZxtdsAjr7Gug&utm_campaign=yelp_api_v3&utm_medium=api_v3_business_search&utm_source=GWOCZh9-BmZxtdsAjr7Gug
Doner 97,4.7,36,"German, Turkish, Salad",No especificado,"2435 N Clark St, Chicago, IL 60614",17736986324.0,https://www.yelp.com/biz/doner-97-chicago?adjust_creative=GWOCZh9-BmZxtdsAjr7Gug&utm_campaign=yelp_api_v3&utm_medium=api_v3_business_search&utm_source=GWOCZh9-BmZxtdsAjr7Gug
Bar Sotto,4.6,17,"Beer Bar, Italian, Cocktail Bars",No especificado,"71 W Monroe St, Lower Level, Chicago, IL 60603",13123327475.0,https://www.yelp.com/biz/bar-sotto-chicago-2?adjust_creative=GWOCZh9-BmZxtdsAjr7Gug&utm_campaign=yelp_api_v3&utm_medium=api_v3_business_search&utm_source=GWOCZh9-BmZxtdsAjr7Gug
Cumin - Lakeview,4.6,33,"Indian, Himalayan/Nepalese",No especificado,"1039 W Belmont Ave, Chicago, IL 60657",17736879024.0,https://www.yelp.com/biz/cumin-lakeview-chicago?adjust_creative=GWOCZh9-BmZxtdsAjr7Gug&utm_campaign=yelp_api_v3&utm_medium=api_v3_business_search&utm_source=GWOCZh9-BmZxtdsAjr7Gug
Way Out,4.6,36,"Chicken Wings, Cocktail Bars",No especificado,"3213 W Armitage Ave, Chicago, IL 60617",17737998750.0,https://www.yelp.com/biz/way-out-chicago?adjust_creative=GWOCZh9-BmZxtdsAjr7Gug&utm_campaign=yelp_api_v3&utm_medium=api_v3_business_search&utm_source=GWOCZh9-BmZxtdsAjr7Gug
Desert Hawk,4.6,41,"American, Bars",No especificado,"2049 W Division St, Chicago, IL 60622",,https://www.yelp.com/biz/desert-hawk-chicago?adjust_creative=GWOCZh9-BmZxtdsAjr7Gug&utm_campaign=yelp_api_v3&utm_medium=api_v3_business_search&utm_source=GWOCZh9-BmZxtdsAjr7Gug
Hoyt's Chicago,4.5,4,"American, Beer, Wine & Spirits, Cocktail Bars",No especificado,"71 E Wacker Dr, Chicago, IL 60601",13123469870.0,https://www.yelp.com/biz/hoyts-chicago-chicago-3?adjust_creative=GWOCZh9-BmZxtdsAjr7Gug&utm_campaign=yelp_api_v3&utm_medium=api_v3_business_search&utm_source=GWOCZh9-BmZxtdsAjr7Gug
Umamicue,4.5,12,Pop-Up Restaurants,No especificado,"2758 W Fullerton, Chicago, IL 60647",,https://www.yelp.com/biz/umamicue-chicago?adjust_creative=GWOCZh9-BmZxtdsAjr7Gug&utm_campaign=yelp_api_v3&utm_medium=api_v3_business_search&utm_source=GWOCZh9-BmZxtdsAjr7Gug
Parachute Hi Fi,4.5,27,Korean,No especificado,"3500 N Elston Ave, Chicago, IL 60618",,https://www.yelp.com/biz/parachute-hi-fi-chicago?adjust_creative=GWOCZh9-BmZxtdsAjr7Gug&utm_campaign=yelp_api_v3&utm_medium=api_v3_business_search&utm_source=GWOCZh9-BmZxtdsAjr7Gug
Bar Parisette,4.5,28,"Wine Bars, French, New American",No especificado,"2829 W Armitage Ave, Chicago, IL 60647",13129550072.0,https://www.yelp.com/biz/bar-parisette-chicago?adjust_creative=GWOCZh9-BmZxtdsAjr7Gug&utm_campaign=yelp_api_v3&utm_medium=api_v3_business_search&utm_source=GWOCZh9-BmZxtdsAjr7Gug
Bigsuda,4.5,44,"Asian Fusion, Korean, Noodles",No especificado,"1362 N Milwaukee Ave, Chicago, IL 60622",18722068678.0,https://www.yelp.com/biz/bigsuda-chicago?adjust_creative=GWOCZh9-BmZxtdsAjr7Gug&utm_campaign=yelp_api_v3&utm_medium=api_v3_business_search&utm_source=GWOCZh9-BmZxtdsAjr7Gug
Chengdu Bistro,4.5,47,Chinese,No especificado,"2211 W North Ave, Chicago, IL 60647",18723152926.0,https://www.yelp.com/biz/chengdu-bistro-chicago-2?adjust_creative=GWOCZh9-BmZxtdsAjr7Gug&utm_campaign=yelp_api_v3&utm_medium=api_v3_business_search&utm_source=GWOCZh9-BmZxtdsAjr7Gug
Sotto,4.3,6,Italian,No especificado,"71 W Monroe St Lower Level, Chicago, IL 60603",13123327475.0,https://www.yelp.com/biz/sotto-chicago?adjust_creative=GWOCZh9-BmZxtdsAjr7Gug&utm_campaign=yelp_api_v3&utm_medium=api_v3_business_search&utm_source=GWOCZh9-BmZxtdsAjr7Gug
Botanero,4.3,23,"Mexican, Lounges, Cocktail Bars",No especificado,"1413 N Ashland Ave, Chicago, IL 60622",17737703605.0,https://www.yelp.com/biz/botanero-chicago?adjust_creative=GWOCZh9-BmZxtdsAjr7Gug&utm_campaign=yelp_api_v3&utm_medium=api_v3_business_search&utm_source=GWOCZh9-BmZxtdsAjr7Gug
Copper Club,4.3,26,"Brasseries, Breakfast & Brunch",No especificado,"70 W Madison St, Chicago, IL 60602",13122651867.0,https://www.yelp.com/biz/copper-club-chicago?adjust_creative=GWOCZh9-BmZxtdsAjr7Gug&utm_campaign=yelp_api_v3&utm_medium=api_v3_business_search&utm_source=GWOCZh9-BmZxtdsAjr7Gug
Lilac Tiger,4.3,39,"Indian, Cocktail Bars",No especificado,"1742 W Division St, Chicago, IL 60622",,https://www.yelp.com/biz/lilac-tiger-chicago-2?adjust_creative=GWOCZh9-BmZxtdsAjr7Gug&utm_campaign=yelp_api_v3&utm_medium=api_v3_business_search&utm_source=GWOCZh9-BmZxtdsAjr7Gug
Rendang Republic,4.3,46,"Indonesian, Pan Asian, Asian Fusion",No especificado,"3355 N Clark St, Chicago, IL 60657",,https://www.yelp.com/biz/rendang-republic-chicago?adjust_creative=GWOCZh9-BmZxtdsAjr7Gug&utm_campaign=yelp_api_v3&utm_medium=api_v3_business_search&utm_source=GWOCZh9-BmZxtdsAjr7Gug
Acerra Italian Kitchen & Bar,4.1,12,"Italian, Bars",No especificado,"2101 W North Ave, Chicago, IL 60622",,https://www.yelp.com/biz/acerra-italian-kitchen-and-bar-chicago?adjust_creative=GWOCZh9-BmZxtdsAjr7Gug&utm_campaign=yelp_api_v3&utm_medium=api_v3_business_search&utm_source=GWOCZh9-BmZxtdsAjr7Gug
Hiro Izakaya,4.1,15,"Bars, Izakaya",No especificado,"1600 W Chicago Ave, Chicago, IL 60622",,https://www.yelp.com/biz/hiro-izakaya-chicago?adjust_creative=GWOCZh9-BmZxtdsAjr7Gug&utm_campaign=yelp_api_v3&utm_medium=api_v3_business_search&utm_source=GWOCZh9-BmZxtdsAjr7Gug
Chapel Street,4.0,32,"Cafes, Australian, Beer Bar",No especificado,"198 E Delaware Pl, Chicago, IL 60611",13126206320.0,https://www.yelp.com/biz/chapel-street-chicago-2?adjust_creative=GWOCZh9-BmZxtdsAjr7Gug&utm_campaign=yelp_api_v3&utm_medium=api_v3_business_search&utm_source=GWOCZh9-BmZxtdsAjr7Gug
