id_yelp,nombre_negocio,alias,rating,reseñas,precio,categorias,direccion,ciudad,estado,codigo_postal,pais,telefono,telefono_display,esta_cerrado,url_yelp,image_url,distancia
qjnpkS8yZO8xcyEIy5OU9A,Girl & The Goat,girl-and-the-goat-chicago,4.4,10510,$$$,"New American, Bars, Bakeries","809 W Randolph, Chicago, IL 60607",Chicago,IL,60607,US,+13124926262,(312) 492-6262,False,https://www.yelp.com/biz/girl-and-the-goat-chicago?adjust_creative=GWOCZh9-BmZxtdsAjr7Gug&utm_campaign=yelp_api_v3&utm_medium=api_v3_business_search&utm_source=GWOCZh9-BmZxtdsAjr7Gug,https://s3-media0.fl.yelpcdn.com/bphoto/ya6gjD4BPlxe7AKMj_5WsA/o.jpg,3401.2386759023707
boE4Ahsssqic7o5wQLI04w,The Purple Pig,the-purple-pig-chicago,4.3,8856,$$$,"Tapas/Small Plates, Mediterranean, New American","444 N Michigan Ave, Chicago, IL 60611",Chicago,IL,60611,US,+13124641744,(312) 464-1744,False,https://www.yelp.com/biz/the-purple-pig-chicago?adjust_creative=GWOCZh9-BmZxtdsAjr7Gug&utm_campaign=yelp_api_v3&utm_medium=api_v3_business_search&utm_source=GWOCZh9-BmZxtdsAjr7Gug,https://s3-media0.fl.yelpcdn.com/bphoto/rHHvhRF8QPjee5B7c54jzw/o.jpg,4672.658118380336
gzhkdb6YoiFm5s3vriG1AA,Gretel,gretel-chicago,4.5,415,$$,"Cocktail Bars, New American, Speakeasies","2833 W Armitage Ave, Chicago, IL 60647",Chicago,IL,60647,US,+17737703427,(773) 770-3427,False,https://www.yelp.com/biz/gretel-chicago?adjust_creative=GWOCZh9-BmZxtdsAjr7Gug&utm_campaign=yelp_api_v3&utm_medium=api_v3_business_search&utm_source=GWOCZh9-BmZxtdsAjr7Gug,https://s3-media0.fl.yelpcdn.com/bphoto/-dxigk6aymnMlFvQ4xrQmg/o.jpg,2181.370354175089
riT822EnU7y_5eCuJsd9sA,Cindy's Rooftop,cindys-rooftop-chicago,4.1,2717,$$,"New American, Seafood, Breakfast & Brunch","12 S Michigan Ave, Chicago, IL 60603",Chicago,IL,60603,US,+13127923502,(312) 792-3502,False,https://www.yelp.com/biz/cindys-rooftop-chicago?adjust_creative=GWOCZh9-BmZxtdsAjr7Gug&utm_campaign=yelp_api_v3&utm_medium=api_v3_business_search&utm_source=GWOCZh9-BmZxtdsAjr7Gug,https://s3-media0.fl.yelpcdn.com/bphoto/XLdHyZLsRMogjR4GNWCe-A/o.jpg,5091.190048420359
cgIuo3geaxw1Sfhbqm5qTA,Alla Vita,alla-vita-chicago-4,4.4,741,$$$,Italian,"564 W Randolph St, Chicago, IL 60661",Chicago,IL,60661,US,+13126670104,(312) 667-0104,False,https://www.yelp.com/biz/alla-vita-chicago-4?adjust_creative=GWOCZh9-BmZxtdsAjr7Gug&utm_campaign=yelp_api_v3&utm_medium=api_v3_business_search&utm_source=GWOCZh9-BmZxtdsAjr7Gug,https://s3-media0.fl.yelpcdn.com/bphoto/X4XMxKMr4FfFdplvdP1BjA/o.jpg,3714.5750911319506
VPJk-SEWSWS_nGoQvM-COw,Penumbra,penumbra-chicago,4.8,996,$$$,"Wine Bars, Seafood, Steakhouses","3309 W Fullerton Ave, Chicago, IL 60647",Chicago,IL,60647,US,+17737722343,(773) 772-2343,False,https://www.yelp.com/biz/penumbra-chicago?adjust_creative=GWOCZh9-BmZxtdsAjr7Gug&utm_campaign=yelp_api_v3&utm_medium=api_v3_business_search&utm_source=GWOCZh9-BmZxtdsAjr7Gug,https://s3-media0.fl.yelpcdn.com/bphoto/IlSPQKhzbs2s0g7Cxshlmg/o.jpg,3480.7928840306017
GZsrGq6H8CQ4YlGtE_Bm0Q,Ciccio Mio,ciccio-mio-chicago-2,4.7,577,$$$,Italian,"226 W Kinzie, Chicago, IL 60654",Chicago,IL,60654,US,+13127963316,(312) 796-3316,False,https://www.yelp.com/biz/ciccio-mio-chicago-2?adjust_creative=GWOCZh9-BmZxtdsAjr7Gug&utm_campaign=yelp_api_v3&utm_medium=api_v3_business_search&utm_source=GWOCZh9-BmZxtdsAjr7Gug,https://s3-media0.fl.yelpcdn.com/bphoto/eFIrEMfnmALCGrR1gSJKLQ/o.jpg,3939.137303772896
PZe0q_153VHUnaR-8dOTJg,The Dearborn,the-dearborn-chicago-2,4.4,2603,$$,"New American, Breakfast & Brunch, Beer, Wine & Spirits","145 N Dearborn St, Chicago, IL 60602",Chicago,IL,60602,US,+13123841242,(312) 384-1242,False,https://www.yelp.com/biz/the-dearborn-chicago-2?adjust_creative=GWOCZh9-BmZxtdsAjr7Gug&utm_campaign=yelp_api_v3&utm_medium=api_v3_business_search&utm_source=GWOCZh9-BmZxtdsAjr7Gug,https://s3-media0.fl.yelpcdn.com/bphoto/eSXeGiq2bRUjy7KOER4jeg/o.jpg,4637.0435326330025
9nUrDQ_REhU6sgcgXFAyfA,Aba,aba-chicago-2,4.4,1858,$$$,"Mediterranean, Tapas/Small Plates","302 N Green St, Fl 3, Chicago, IL 60607",Chicago,IL,60607,US,+17736451400,(773) 645-1400,False,https://www.yelp.com/biz/aba-chicago-2?adjust_creative=GWOCZh9-BmZxtdsAjr7Gug&utm_campaign=yelp_api_v3&utm_medium=api_v3_business_search&utm_source=GWOCZh9-BmZxtdsAjr7Gug,https://s3-media0.fl.yelpcdn.com/bphoto/CeQacWWhLEiFBYw2piRozA/o.jpg,3120.1445058575764
ZXsqdTNHSqxBxCXcbmOiLA,Bigsuda,bigsuda-chicago,4.5,44,No especificado,"Asian Fusion, Korean, Noodles","1362 N Milwaukee Ave, Chicago, IL 60622",Chicago,IL,60622,US,+18722068678,(872) 206-8678,False,https://www.yelp.com/biz/bigsuda-chicago?adjust_creative=GWOCZh9-BmZxtdsAjr7Gug&utm_campaign=yelp_api_v3&utm_medium=api_v3_business_search&utm_source=GWOCZh9-BmZxtdsAjr7Gug,https://s3-media0.fl.yelpcdn.com/bphoto/Yb2j5vOw3H-Mu_0dfAtiQA/o.jpg,513.3737560038392
xoi7Cw7FoknAx5p880RtWQ,Au Cheval,au-cheval-chicago,4.4,9325,$$,"Bars, Burgers, American","800 W Randolph St, Chicago, IL 60607",Chicago,IL,60607,US,+13129294580,(312) 929-4580,False,https://www.yelp.com/biz/au-cheval-chicago?adjust_creative=GWOCZh9-BmZxtdsAjr7Gug&utm_campaign=yelp_api_v3&utm_medium=api_v3_business_search&utm_source=GWOCZh9-BmZxtdsAjr7Gug,https://s3-media0.fl.yelpcdn.com/bphoto/vKY9dRK2GM6eQDP-Cxg_tw/o.jpg,3382.5619870115283
xFBQ1md6PDm7YEpJARoxAA,The VIG Chicago,the-vig-chicago-chicago-2,4.1,905,$$,"American, Cocktail Bars, Breakfast & Brunch","1527 N Wells St, Chicago, IL 60610",Chicago,IL,60610,US,+13129822186,(312) 982-2186,False,https://www.yelp.com/biz/the-vig-chicago-chicago-2?adjust_creative=GWOCZh9-BmZxtdsAjr7Gug&utm_campaign=yelp_api_v3&utm_medium=api_v3_business_search&utm_source=GWOCZh9-BmZxtdsAjr7Gug,https://s3-media0.fl.yelpcdn.com/bphoto/LTJQDXJAzGTfUuyRbhsb4A/o.jpg,3623.198320643157
1BHgaf25FpVSOXFpZF0pYw,Trivoli Tavern,trivoli-tavern-chicago,4.5,839,$$$,American,"114 N Green St, Chicago, IL 60607",Chicago,IL,60607,US,+13123662646,(312) 366-2646,False,https://www.yelp.com/biz/trivoli-tavern-chicago?adjust_creative=GWOCZh9-BmZxtdsAjr7Gug&utm_campaign=yelp_api_v3&utm_medium=api_v3_business_search&utm_source=GWOCZh9-BmZxtdsAjr7Gug,https://s3-media0.fl.yelpcdn.com/bphoto/kMNBfN-NjwMPEeAQwo0Qrg/o.jpg,3373.2131317248645
m5gfWEQI7BYTKWMYF-X-Ug,No Vacancy,no-vacancy-chicago,4.6,149,$$,"New American, Wine Bars, Venues & Event Spaces","509 N Wells St, Chicago, IL 60654",Chicago,IL,60654,US,+13125006666,(312) 500-6666,False,https://www.yelp.com/biz/no-vacancy-chicago?adjust_creative=GWOCZh9-BmZxtdsAjr7Gug&utm_campaign=yelp_api_v3&utm_medium=api_v3_business_search&utm_source=GWOCZh9-BmZxtdsAjr7Gug,https://s3-media0.fl.yelpcdn.com/bphoto/Jk2yAguTafL3bD_8ZXWcyw/o.jpg,3968.446681064761
1Q7RL7Hc63wKa2A9ec3zXw,Il Porcellino,il-porcellino-chicago,4.4,1646,$$,"Italian, Bars, Salad","59 W Hubbard St, Chicago, IL 60654",Chicago,IL,60654,US,+13125950800,(312) 595-0800,False,https://www.yelp.com/biz/il-porcellino-chicago?adjust_creative=GWOCZh9-BmZxtdsAjr7Gug&utm_campaign=yelp_api_v3&utm_medium=api_v3_business_search&utm_source=GWOCZh9-BmZxtdsAjr7Gug,https://s3-media0.fl.yelpcdn.com/bphoto/zrAfaD2GsQLkel9UZAjZdg/o.jpg,4279.188564018985
Z45eQgbnFWH--PYPLTFhNg,Void,void-chicago,4.8,40,No especificado,"Italian, Seafood, Cocktail Bars","2937 N Milwaukee Ave, Chicago, IL 60618",Chicago,IL,60618,US,,,False,https://www.yelp.com/biz/void-chicago?adjust_creative=GWOCZh9-BmZxtdsAjr7Gug&utm_campaign=yelp_api_v3&utm_medium=api_v3_business_search&utm_source=GWOCZh9-BmZxtdsAjr7Gug,https://s3-media0.fl.yelpcdn.com/bphoto/FT4jEyk1Rlfgtwt2rqcgeQ/o.jpg,4584.662883482383
ngB0iQM1Yz7Nx_tQZqU7NA,Daisies,daisies-chicago,4.3,690,$$$,"Pasta Shops, New American, Cocktail Bars","2375 N Milwaukee Ave, Chicago, IL 60647",Chicago,IL,60647,US,+17736979443,(773) 697-9443,False,https://www.yelp.com/biz/daisies-chicago?adjust_creative=GWOCZh9-BmZxtdsAjr7Gug&utm_campaign=yelp_api_v3&utm_medium=api_v3_business_search&utm_source=GWOCZh9-BmZxtdsAjr7Gug,https://s3-media0.fl.yelpcdn.com/bphoto/_sOKwd53ToEsElmBUjC2Dw/o.jpg,2799.3558599154912
n5jRD0dlY6Dl672THS7yFA,Mister Tiger,mister-tiger-chicago,4.6,54,No especificado,Korean,"1132 W Grand Ave, Chicago, IL 60642",Chicago,IL,60642,US,+13122195211,(312) 219-5211,False,https://www.yelp.com/biz/mister-tiger-chicago?adjust_creative=GWOCZh9-BmZxtdsAjr7Gug&utm_campaign=yelp_api_v3&utm_medium=api_v3_business_search&utm_source=GWOCZh9-BmZxtdsAjr7Gug,https://s3-media0.fl.yelpcdn.com/bphoto/nBGQQx_01FaL5bqywu9loA/o.jpg,2377.173880885762
tuJraaFffIS_JNK_4ZqGTA,Ema,ema-chicago-6,4.3,1850,$$,"Mediterranean, Tapas/Small Plates, Salad","74 W Illinois St, Chicago, IL 60654",Chicago,IL,60654,US,+13125275586,(312) 527-5586,False,https://www.yelp.com/biz/ema-chicago-6?adjust_creative=GWOCZh9-BmZxtdsAjr7Gug&utm_campaign=yelp_api_v3&utm_medium=api_v3_business_search&utm_source=GWOCZh9-BmZxtdsAjr7Gug,https://s3-media0.fl.yelpcdn.com/bphoto/EA7Wq13hk7PKgZ4xl5hUJQ/o.jpg,4189.6572301334145
W2QV6SILHer3qB_-CZ1z1A,etta - Bucktown,etta-bucktown-chicago,4.2,1131,$$$,"Pizza, New American, Breakfast & Brunch","1840 W North Ave, Chicago, IL 60622",Chicago,IL,60622,US,+17737302277,(773) 730-2277,False,https://www.yelp.com/biz/etta-bucktown-chicago?adjust_creative=GWOCZh9-BmZxtdsAjr7Gug&utm_campaign=yelp_api_v3&utm_medium=api_v3_business_search&utm_source=GWOCZh9-BmZxtdsAjr7Gug,https://s3-media0.fl.yelpcdn.com/bphoto/vyMZ9UM1wC1AwZrSZouyJQ/o.jpg,669.6763838223678
zm6Peew9j8YtowzUu4sQfA,The Whale Chicago,the-whale-chicago-chicago,4.2,1047,$$,"New American, Breakfast & Brunch, Cocktail Bars","2427 N Milwaukee Ave, Chicago, IL 60647",Chicago,IL,60647,US,+17738252900,(773) 825-2900,False,https://www.yelp.com/biz/the-whale-chicago-chicago?adjust_creative=GWOCZh9-BmZxtdsAjr7Gug&utm_campaign=yelp_api_v3&utm_medium=api_v3_business_search&utm_source=GWOCZh9-BmZxtdsAjr7Gug,https://s3-media0.fl.yelpcdn.com/bphoto/gdXiK79yPcmR9T1nKE2h9g/o.jpg,2975.457964091856
okaqMJEoHfHblpKz9Q-CMA,The Perch,the-perch-chicago,4.4,580,$$,"Breweries, New American","1932 W Division, Chicago, IL 60622",Chicago,IL,60622,US,+17734862739,(773) 486-2739,False,https://www.yelp.com/biz/the-perch-chicago?adjust_creative=GWOCZh9-BmZxtdsAjr7Gug&utm_campaign=yelp_api_v3&utm_medium=api_v3_business_search&utm_source=GWOCZh9-BmZxtdsAjr7Gug,https://s3-media0.fl.yelpcdn.com/bphoto/YTWeHweGurPHiKotVhDzCQ/o.jpg,239.42719598525488
--Yw337vTC4fLKRCaw-PLQ,XOchimilco Mexican Restaurant,xochimilco-mexican-restaurant-chicago,4.8,344,$$,Mexican,"2030-32 W Montrose Ave, Chicago, IL 60618",Chicago,IL,60618,US,+17736611534,(773) 661-1534,False,https://www.yelp.com/biz/xochimilco-mexican-restaurant-chicago?adjust_creative=GWOCZh9-BmZxtdsAjr7Gug&utm_campaign=yelp_api_v3&utm_medium=api_v3_business_search&utm_source=GWOCZh9-BmZxtdsAjr7Gug,https://s3-media0.fl.yelpcdn.com/bphoto/5Zf_QCE-uJy1FSmnz6w-AA/o.jpg,6275.480116128975
T_egMuf7xJHLdldzPqOaSQ,Qing Xiang Yuan Dumplings,qing-xiang-yuan-dumplings-chicago-3,4.4,1971,$$,"Barbeque, Dim Sum, Coffee & Tea","2002 S Wentworth Ave, Ste 103, Chicago, IL 60616",Chicago,IL,60616,US,+13127991118,(312) 799-1118,False,https://www.yelp.com/biz/qing-xiang-yuan-dumplings-chicago-3?adjust_creative=GWOCZh9-BmZxtdsAjr7Gug&utm_campaign=yelp_api_v3&utm_medium=api_v3_business_search&utm_source=GWOCZh9-BmZxtdsAjr7Gug,https://s3-media0.fl.yelpcdn.com/bphoto/eRzmXCDGjUut0AlNmsAW7g/o.jpg,6744.533138192748
wfkj7DK8YzhdwhhFc2OntA,Giant,giant-chicago-2,4.3,737,$$$,"New American, Beer Bar, Wine Bars","3209 W Armitage Ave, Chicago, IL 60647",Chicago,IL,60647,US,+17732520997,(773) 252-0997,False,https://www.yelp.com/biz/giant-chicago-2?adjust_creative=GWOCZh9-BmZxtdsAjr7Gug&utm_campaign=yelp_api_v3&utm_medium=api_v3_business_search&utm_source=GWOCZh9-BmZxtdsAjr7Gug,https://s3-media0.fl.yelpcdn.com/bphoto/RHnjotvmwoObOE95kt5Prg/o.jpg,2803.5554542384516
Z8K7SVH-B7ZVAVD9aFIK8w,Bar Mar,bar-mar-by-josé-andrés-chicago-2,4.3,556,$$$,"Seafood, Cocktail Bars","120 N Wacker Dr, Chicago, IL 60606",Chicago,IL,60606,US,+13128206602,(312) 820-6602,False,https://www.yelp.com/biz/bar-mar-by-jos%C3%A9-andr%C3%A9s-chicago-2?adjust_creative=GWOCZh9-BmZxtdsAjr7Gug&utm_campaign=yelp_api_v3&utm_medium=api_v3_business_search&utm_source=GWOCZh9-BmZxtdsAjr7Gug,https://s3-media0.fl.yelpcdn.com/bphoto/ZfSYel2Muyh1hAqf6eRYZg/o.jpg,4102.904355999825
owk55_aszZtVP-SQPyXTIQ,Nora Restaurant,nora-restaurant-chicago,4.4,175,No especificado,"Mediterranean, Cocktail Bars, Sardinian","636 N St Clair St, Fl 1, Chicago, IL 60611",Chicago,IL,60611,US,+13128014446,(312) 801-4446,False,https://www.yelp.com/biz/nora-restaurant-chicago?adjust_creative=GWOCZh9-BmZxtdsAjr7Gug&utm_campaign=yelp_api_v3&utm_medium=api_v3_business_search&utm_source=GWOCZh9-BmZxtdsAjr7Gug,https://s3-media0.fl.yelpcdn.com/bphoto/pkYVpOiAbnvFEf7SI0z-XA/o.jpg,4718.8654159812195
dKbk0C9z_mRXh24-0vIHqA,Mirra,mirra-chicago,4.3,84,No especificado,"Mexican, Indian","1954 W Armitage Ave, Chicago, IL 60622",Chicago,IL,60622,US,,,False,https://www.yelp.com/biz/mirra-chicago?adjust_creative=GWOCZh9-BmZxtdsAjr7Gug&utm_campaign=yelp_api_v3&utm_medium=api_v3_business_search&utm_source=GWOCZh9-BmZxtdsAjr7Gug,https://s3-media0.fl.yelpcdn.com/bphoto/26k4riQWH6QmZGbZbGT7yg/o.jpg,1412.390271591231
45Xno0A0IWY8A0JBgeQ7Eg,Brasero,brasero-chicago,4.6,111,No especificado,"Latin American, New American, Beer, Wine & Spirits","1709 W Chicago Ave, Chicago, IL 60622",Chicago,IL,60622,US,+18723422079,(872) 342-2079,False,https://www.yelp.com/biz/brasero-chicago?adjust_creative=GWOCZh9-BmZxtdsAjr7Gug&utm_campaign=yelp_api_v3&utm_medium=api_v3_business_search&utm_source=GWOCZh9-BmZxtdsAjr7Gug,https://s3-media0.fl.yelpcdn.com/bphoto/C42BGNjfcMnzWCTqzZbxyw/o.jpg,1231.5429774185423
kiwMgtypE3TRrUkmTwA2Zw,Armitage Alehouse,armitage-alehouse-chicago,4.5,490,$$$,"Pubs, British, Seafood","1000 W Armitage Ave, Chicago, IL 60614",Chicago,IL,60614,US,+17732706402,(773) 270-6402,False,https://www.yelp.com/biz/armitage-alehouse-chicago?adjust_creative=GWOCZh9-BmZxtdsAjr7Gug&utm_campaign=yelp_api_v3&utm_medium=api_v3_business_search&utm_source=GWOCZh9-BmZxtdsAjr7Gug,https://s3-media0.fl.yelpcdn.com/bphoto/eW99z8kosu3zy1ZmTfcP4A/o.jpg,2471.6093917614694
apyIymDFbUK7u-Y3V5kmkA,Bavette's Bar & Boeuf,bavettes-bar-and-boeuf-chicago,4.5,3390,$$$$,"Steakhouses, Seafood, Bars","218 W Kinzie, Chicago, IL 60654",Chicago,IL,60654,US,+13126248154,(312) 624-8154,False,https://www.yelp.com/biz/bavettes-bar-and-boeuf-chicago?adjust_creative=GWOCZh9-BmZxtdsAjr7Gug&utm_campaign=yelp_api_v3&utm_medium=api_v3_business_search&utm_source=GWOCZh9-BmZxtdsAjr7Gug,https://s3-media0.fl.yelpcdn.com/bphoto/mhw9kdjyIBe1A0vGIKlI9Q/o.jpg,3965.6928058367052
vvhfPV-Llkd4fE2SHuLVvA,The Gage,the-gage-chicago,4.2,3628,$$,"New American, Cocktail Bars","24 S Michigan Ave, Chicago, IL 60603",Chicago,IL,60603,US,+13123724243,(312) 372-4243,False,https://www.yelp.com/biz/the-gage-chicago?adjust_creative=GWOCZh9-BmZxtdsAjr7Gug&utm_campaign=yelp_api_v3&utm_medium=api_v3_business_search&utm_source=GWOCZh9-BmZxtdsAjr7Gug,https://s3-media0.fl.yelpcdn.com/bphoto/cc3_kSvZf5RJVw3FnIe6bg/o.jpg,5131.438445540007
faOpq9ORL0FlsMrou2NYug,Amaru,amaru-chicago,4.7,452,$$$,"Latin American, Caribbean, Cocktail Bars","1904 W North Ave, Chicago, IL 60622",Chicago,IL,60622,US,+17736879790,(773) 687-9790,False,https://www.yelp.com/biz/amaru-chicago?adjust_creative=GWOCZh9-BmZxtdsAjr7Gug&utm_campaign=yelp_api_v3&utm_medium=api_v3_business_search&utm_source=GWOCZh9-BmZxtdsAjr7Gug,https://s3-media0.fl.yelpcdn.com/bphoto/tfmIEwKvIdytd-_ZBJnxyQ/o.jpg,628.4117946560697
7vsOVA4wrHP6f3DMQdD8og,Volare Ristorante Italiano,volare-ristorante-italiano-chicago,4.3,3092,$$$,Italian,"201 E Grand Ave, Chicago, IL 60611",Chicago,IL,60611,US,+13124109900,(312) 410-9900,False,https://www.yelp.com/biz/volare-ristorante-italiano-chicago?adjust_creative=GWOCZh9-BmZxtdsAjr7Gug&utm_campaign=yelp_api_v3&utm_medium=api_v3_business_search&utm_source=GWOCZh9-BmZxtdsAjr7Gug,https://s3-media0.fl.yelpcdn.com/bphoto/88aPSSGsjO6R6l8lAEvnbg/o.jpg,4816.404695098029
FzYi3AVHoYZnWXe1BQrQEw,Mott St,mott-st-chicago-2,4.0,1110,$$,"Asian Fusion, Bars","1401 N Ashland Ave, Chicago, IL 60622",Chicago,IL,60622,US,+17736879977,(773) 687-9977,False,https://www.yelp.com/biz/mott-st-chicago-2?adjust_creative=GWOCZh9-BmZxtdsAjr7Gug&utm_campaign=yelp_api_v3&utm_medium=api_v3_business_search&utm_source=GWOCZh9-BmZxtdsAjr7Gug,https://s3-media0.fl.yelpcdn.com/bphoto/iBWTHWKtysWkh3584nK-dw/o.jpg,881.6044146712651
ERYEi0job-Kwca1lkOcRhg,NoodleBird,noodlebird-chicago,4.3,130,$$,"Asian Fusion, Noodles","2957 W Diversey, Chicago, IL 60647",Chicago,IL,60647,US,+17737544000,(773) 754-4000,False,https://www.yelp.com/biz/noodlebird-chicago?adjust_creative=GWOCZh9-BmZxtdsAjr7Gug&utm_campaign=yelp_api_v3&utm_medium=api_v3_business_search&utm_source=GWOCZh9-BmZxtdsAjr7Gug,https://s3-media0.fl.yelpcdn.com/bphoto/GCdFIUMr58KVBJ7nG2bx7A/o.jpg,3600.441191242136
o0DaPvRb4IWH7hUWVCnoGw,Monteverde,monteverde-chicago,4.5,1440,$$$,"Italian, Desserts, Wine Bars","1020 W Madison St, Chicago, IL 60607",Chicago,IL,60607,US,+13128883041,(312) 888-3041,False,https://www.yelp.com/biz/monteverde-chicago?adjust_creative=GWOCZh9-BmZxtdsAjr7Gug&utm_campaign=yelp_api_v3&utm_medium=api_v3_business_search&utm_source=GWOCZh9-BmZxtdsAjr7Gug,https://s3-media0.fl.yelpcdn.com/bphoto/A0UG6ziTe9jmMbDC4O8fVg/o.jpg,3311.214645612105
FiDxI03abCAfA4pgl1NJ1w,Butcher and the Bear,butcher-and-the-bear-chicago,4.5,130,$$$$,"Steakhouses, Seafood, Burgers","2721 N Halsted St, Chicago, IL 60614",Chicago,IL,60614,US,+13129550306,(312) 955-0306,False,https://www.yelp.com/biz/butcher-and-the-bear-chicago?adjust_creative=GWOCZh9-BmZxtdsAjr7Gug&utm_campaign=yelp_api_v3&utm_medium=api_v3_business_search&utm_source=GWOCZh9-BmZxtdsAjr7Gug,https://s3-media0.fl.yelpcdn.com/bphoto/waIww1UxsuopxVQ1qFif2Q/o.jpg,3841.5913308312643
IMZE58oaY-gRlv3qK9BCdw,Tuk Tuk Thai Isan Street Food,tuk-tuk-thai-isan-street-food-chicago,4.4,285,$$,Thai,"2852 N Clark St, Chicago, IL 60657",Chicago,IL,60657,US,+17736619739,(773) 661-9739,False,https://www.yelp.com/biz/tuk-tuk-thai-isan-street-food-chicago?adjust_creative=GWOCZh9-BmZxtdsAjr7Gug&utm_campaign=yelp_api_v3&utm_medium=api_v3_business_search&utm_source=GWOCZh9-BmZxtdsAjr7Gug,https://s3-media0.fl.yelpcdn.com/bphoto/2Q8FZBIaGOZpd87Isl657A/o.jpg,4143.974916968981
UK5Xb8xqUOUBi5vQu0bQXQ,Maple & Ash,maple-and-ash-chicago,4.2,2445,$$$$,"Steakhouses, Seafood, Breakfast & Brunch","8 W Maple St, Chicago, IL 60610",Chicago,IL,60610,US,+13129448888,(312) 944-8888,False,https://www.yelp.com/biz/maple-and-ash-chicago?adjust_creative=GWOCZh9-BmZxtdsAjr7Gug&utm_campaign=yelp_api_v3&utm_medium=api_v3_business_search&utm_source=GWOCZh9-BmZxtdsAjr7Gug,https://s3-media0.fl.yelpcdn.com/bphoto/lgSei6itROdbc1SGqqgTlA/o.jpg,4073.8162241474706
0EcR5_zMAdyWf96owSBYbw,Wolf & Company,wolf-and-company-chicago,4.3,51,No especificado,"Cocktail Bars, Burgers, Delis","1752 N Western Ave, Chicago, IL 60647",Chicago,IL,60647,US,+13126279653,(312) 627-9653,False,https://www.yelp.com/biz/wolf-and-company-chicago?adjust_creative=GWOCZh9-BmZxtdsAjr7Gug&utm_campaign=yelp_api_v3&utm_medium=api_v3_business_search&utm_source=GWOCZh9-BmZxtdsAjr7Gug,https://s3-media0.fl.yelpcdn.com/bphoto/_WE1TfhZ8sXB9hFWOUvs-Q/o.jpg,1262.1896946998356
OM24LGQGFp1PfaiYrkOIbQ,Lilac Tiger,lilac-tiger-chicago-2,4.3,39,No especificado,"Indian, Cocktail Bars","1742 W Division St, Chicago, IL 60622",Chicago,IL,60622,US,,,False,https://www.yelp.com/biz/lilac-tiger-chicago-2?adjust_creative=GWOCZh9-BmZxtdsAjr7Gug&utm_campaign=yelp_api_v3&utm_medium=api_v3_business_search&utm_source=GWOCZh9-BmZxtdsAjr7Gug,https://s3-media0.fl.yelpcdn.com/bphoto/kkEQ0ydu9bJt0FtHyMEY0g/o.jpg,533.1111694691926
QFg4CAuJRC98_GXVjyrRpA,Chengdu Bistro,chengdu-bistro-chicago-2,4.5,47,No especificado,Chinese,"2211 W North Ave, Chicago, IL 60647",Chicago,IL,60647,US,+18723152926,(872) 315-2926,False,https://www.yelp.com/biz/chengdu-bistro-chicago-2?adjust_creative=GWOCZh9-BmZxtdsAjr7Gug&utm_campaign=yelp_api_v3&utm_medium=api_v3_business_search&utm_source=GWOCZh9-BmZxtdsAjr7Gug,https://s3-media0.fl.yelpcdn.com/bphoto/UkEZNdqMlkkF10Tc0Ht3Uw/o.jpg,694.6487331582257
XKUZV9O2sRFLDIpAmwmG5g,Boka,boka-chicago,4.3,1868,$$$$,New American,"1729 N Halsted St, Chicago, IL 60614",Chicago,IL,60614,US,+13123376070,(312) 337-6070,False,https://www.yelp.com/biz/boka-chicago?adjust_creative=GWOCZh9-BmZxtdsAjr7Gug&utm_campaign=yelp_api_v3&utm_medium=api_v3_business_search&utm_source=GWOCZh9-BmZxtdsAjr7Gug,https://s3-media0.fl.yelpcdn.com/bphoto/vwZ5WBrKuUyTpDf0YxftBQ/o.jpg,2619.8070506036206
PdbRfCs6fHZacu6L_5oHnA,Bistro Monadnock,bistro-monadnock-chicago,4.7,145,No especificado,"French, Cocktail Bars","325 S Federal St, Chicago, IL 60604",Chicago,IL,60604,US,+13129457040,(312) 945-7040,False,https://www.yelp.com/biz/bistro-monadnock-chicago?adjust_creative=GWOCZh9-BmZxtdsAjr7Gug&utm_campaign=yelp_api_v3&utm_medium=api_v3_business_search&utm_source=GWOCZh9-BmZxtdsAjr7Gug,https://s3-media0.fl.yelpcdn.com/bphoto/2M_uLc8u9nhLeFf1Uvg9ZA/o.jpg,5041.322422864629
Jht3PLwPH693bseS7J0FDA,Maxwells Trading,maxwells-trading-chicago,4.5,161,No especificado,New American,"1516 W Carroll Ave, Chicago, IL 60607",Chicago,IL,60607,US,+13128964410,(312) 896-4410,False,https://www.yelp.com/biz/maxwells-trading-chicago?adjust_creative=GWOCZh9-BmZxtdsAjr7Gug&utm_campaign=yelp_api_v3&utm_medium=api_v3_business_search&utm_source=GWOCZh9-BmZxtdsAjr7Gug,https://s3-media0.fl.yelpcdn.com/bphoto/8DVpIeKJTCE_ICerptQsTQ/o.jpg,2211.8305483149006
-otD9myzwCgSYXdcx90jLQ,Dear Margaret,dear-margaret-chicago,4.6,167,$$$,"French, Comfort Food, Desserts","2965 N Lincoln Ave, Chicago, IL 60657",Chicago,IL,60657,US,+17733608213,(773) 360-8213,False,https://www.yelp.com/biz/dear-margaret-chicago?adjust_creative=GWOCZh9-BmZxtdsAjr7Gug&utm_campaign=yelp_api_v3&utm_medium=api_v3_business_search&utm_source=GWOCZh9-BmZxtdsAjr7Gug,https://s3-media0.fl.yelpcdn.com/bphoto/NcLrflRO5HFW5VZlE_TzFg/o.jpg,3616.872756012107
W83v9XeJyspMiJ7CwThvVQ,Seville Chicago,seville-chicago-chicago,4.3,83,No especificado,"Spanish, Mediterranean, Cocktail Bars","243 S Franklin St, Chicago, IL 60606",Chicago,IL,60606,US,+17733390362,(773) 339-0362,False,https://www.yelp.com/biz/seville-chicago-chicago?adjust_creative=GWOCZh9-BmZxtdsAjr7Gug&utm_campaign=yelp_api_v3&utm_medium=api_v3_business_search&utm_source=GWOCZh9-BmZxtdsAjr7Gug,https://s3-media0.fl.yelpcdn.com/bphoto/-WzsOoCtsvuEZmm_aUpmuw/o.jpg,4623.222602326566
mvFimrcREBIDo-pLAhMfNg,Avec - Chicago,avec-chicago-chicago,4.3,2604,$$$,Mediterranean,"615 W Randolph St, Chicago, IL 60661",Chicago,IL,60661,US,+13123772002,(312) 377-2002,False,https://www.yelp.com/biz/avec-chicago-chicago?adjust_creative=GWOCZh9-BmZxtdsAjr7Gug&utm_campaign=yelp_api_v3&utm_medium=api_v3_business_search&utm_source=GWOCZh9-BmZxtdsAjr7Gug,https://s3-media0.fl.yelpcdn.com/bphoto/qaNnaZ-GhXg8-gGZIeWY4g/o.jpg,3676.4029173236945
UKs05XWhbP0riI8O0Kv36w,Boeufhaus,boeufhaus-chicago,4.2,483,$$$,"Brasseries, Cocktail Bars, Steakhouses","1012 N Western Ave, Chicago, IL 60622",Chicago,IL,60622,US,+17736612116,(773) 661-2116,False,https://www.yelp.com/biz/boeufhaus-chicago?adjust_creative=GWOCZh9-BmZxtdsAjr7Gug&utm_campaign=yelp_api_v3&utm_medium=api_v3_business_search&utm_source=GWOCZh9-BmZxtdsAjr7Gug,https://s3-media0.fl.yelpcdn.com/bphoto/JdjZHqlAkka5I86ZshrB_g/o.jpg,1007.731288814802
rzeQrwEuv1lo_wu1oD_brA,Mirella’s Tavern,mirella-s-tavern-chicago,4.4,66,No especificado,Restaurants,"2056 W Division St, Chicago, IL 60622",Chicago,IL,60622,US,+17732706196,(773) 270-6196,False,https://www.yelp.com/biz/mirella-s-tavern-chicago?adjust_creative=GWOCZh9-BmZxtdsAjr7Gug&utm_campaign=yelp_api_v3&utm_medium=api_v3_business_search&utm_source=GWOCZh9-BmZxtdsAjr7Gug,https://s3-media0.fl.yelpcdn.com/bphoto/9_cmjjPLv0u0jSeL02ogOQ/o.jpg,259.02485297531945
incGwtfg6rwT00w9WAqE0A,Apolonia,apolonia-chicago,4.4,306,$$$,"Modern European, Bars, Mediterranean","2201 S Michigan Ave, Chicago, IL 60616",Chicago,IL,60616,US,+13123632431,(312) 363-2431,False,https://www.yelp.com/biz/apolonia-chicago?adjust_creative=GWOCZh9-BmZxtdsAjr7Gug&utm_campaign=yelp_api_v3&utm_medium=api_v3_business_search&utm_source=GWOCZh9-BmZxtdsAjr7Gug,https://s3-media0.fl.yelpcdn.com/bphoto/uhla3PK6YfCc---649vrNg/o.jpg,7377.397108249483
bQ1Lc_PEoC2s4kZJcxM43A,Lao Der,lao-der-chicago,5.0,34,No especificado,Laotian,"3922 N Elston Ave, Chicago, IL 60618",Chicago,IL,60618,US,+18722414879,(872) 241-4879,False,https://www.yelp.com/biz/lao-der-chicago?adjust_creative=GWOCZh9-BmZxtdsAjr7Gug&utm_campaign=yelp_api_v3&utm_medium=api_v3_business_search&utm_source=GWOCZh9-BmZxtdsAjr7Gug,https://s3-media0.fl.yelpcdn.com/bphoto/WfLhm_cYp-vXc1Tqtr-y8w/o.jpg,6162.686499423947
9nFfjQKo2YvttOG7ppqjQQ,Rendang Republic,rendang-republic-chicago,4.3,46,No especificado,"Indonesian, Pan Asian, Asian Fusion","3355 N Clark St, Chicago, IL 60657",Chicago,IL,60657,US,,,False,https://www.yelp.com/biz/rendang-republic-chicago?adjust_creative=GWOCZh9-BmZxtdsAjr7Gug&utm_campaign=yelp_api_v3&utm_medium=api_v3_business_search&utm_source=GWOCZh9-BmZxtdsAjr7Gug,https://s3-media0.fl.yelpcdn.com/bphoto/Rk6418ab4t4LJi5_mG3aKA/o.jpg,4687.067292395108
ruWJerAc9VW23GvegYddnQ,Gaijin,gaijin-chicago,4.3,762,$$,Japanese,"950 W Lake St, Chicago, IL 60607",Chicago,IL,60607,US,+13122651348,(312) 265-1348,False,https://www.yelp.com/biz/gaijin-chicago?adjust_creative=GWOCZh9-BmZxtdsAjr7Gug&utm_campaign=yelp_api_v3&utm_medium=api_v3_business_search&utm_source=GWOCZh9-BmZxtdsAjr7Gug,https://s3-media0.fl.yelpcdn.com/bphoto/Uf8BGwoDAl8uFQHskAGFYA/o.jpg,3053.3507249845093
0VEE9H6OuGaswhC70tjKeQ,Beatrix - Streeterville,beatrix-streeterville-chicago-2,4.3,1436,$$,"New American, Diners, Coffee & Tea","671 N St Clair St, Chicago, IL 60611",Chicago,IL,60611,US,+13126420001,(312) 642-0001,False,https://www.yelp.com/biz/beatrix-streeterville-chicago-2?adjust_creative=GWOCZh9-BmZxtdsAjr7Gug&utm_campaign=yelp_api_v3&utm_medium=api_v3_business_search&utm_source=GWOCZh9-BmZxtdsAjr7Gug,https://s3-media0.fl.yelpcdn.com/bphoto/re85LG9glK1ver8tcUf5Bg/o.jpg,4726.0014412716255
0ucCbCekcn5XdzvRXnHl2w,Desert Hawk,desert-hawk-chicago,4.6,41,No especificado,"American, Bars","2049 W Division St, Chicago, IL 60622",Chicago,IL,60622,US,,,False,https://www.yelp.com/biz/desert-hawk-chicago?adjust_creative=GWOCZh9-BmZxtdsAjr7Gug&utm_campaign=yelp_api_v3&utm_medium=api_v3_business_search&utm_source=GWOCZh9-BmZxtdsAjr7Gug,https://s3-media0.fl.yelpcdn.com/bphoto/Wvt0tJNb-HbxRnBQ7iUUPQ/o.jpg,289.570561434659
g-FNZCErYf4CuEb8EWYDuQ,Mahanakhon Noodle Bar,mahanakhon-noodle-bar-chicago,4.8,33,No especificado,"Thai, Noodles","2907 N Lincoln Ave, Chicago, IL 60657",Chicago,IL,60657,US,+17739753333,(773) 975-3333,False,https://www.yelp.com/biz/mahanakhon-noodle-bar-chicago?adjust_creative=GWOCZh9-BmZxtdsAjr7Gug&utm_campaign=yelp_api_v3&utm_medium=api_v3_business_search&utm_source=GWOCZh9-BmZxtdsAjr7Gug,https://s3-media0.fl.yelpcdn.com/bphoto/ciifGqUgsOPnGXxtlfrJcQ/o.jpg,3544.361319502579
bmTC5TdAQh0s2y24nTS4bA,Kayao,kayao-chicago,4.4,88,No especificado,"Peruvian, Beer Bar, Cocktail Bars","1252 N Wells St, Chicago, IL 60610",Chicago,IL,60610,US,+18723422246,(872) 342-2246,False,https://www.yelp.com/biz/kayao-chicago?adjust_creative=GWOCZh9-BmZxtdsAjr7Gug&utm_campaign=yelp_api_v3&utm_medium=api_v3_business_search&utm_source=GWOCZh9-BmZxtdsAjr7Gug,https://s3-media0.fl.yelpcdn.com/bphoto/4Wja0ifExm6ZLGoGFh-R1Q/o.jpg,3547.2735747851993
SNMDHCuAwZQX-Chtq7Q5lA,Nettare,nettare-chicago-2,4.5,53,No especificado,"Cocktail Bars, New American, Cafes","1953 W Chicago Ave, Chicago, IL 60622",Chicago,IL,60622,US,,,False,https://www.yelp.com/biz/nettare-chicago-2?adjust_creative=GWOCZh9-BmZxtdsAjr7Gug&utm_campaign=yelp_api_v3&utm_medium=api_v3_business_search&utm_source=GWOCZh9-BmZxtdsAjr7Gug,https://s3-media0.fl.yelpcdn.com/bphoto/_oLV6vx2fjInm-rdkBilqg/o.jpg,1061.4659402869725
0qW7MJ0trxnoWzCHBiBgbQ,Union,union-chicago-4,4.5,72,No especificado,"New American, Pubs","2202 N California Ave, Chicago, IL 60647",Chicago,IL,60647,US,+17736977788,(773) 697-7788,False,https://www.yelp.com/biz/union-chicago-4?adjust_creative=GWOCZh9-BmZxtdsAjr7Gug&utm_campaign=yelp_api_v3&utm_medium=api_v3_business_search&utm_source=GWOCZh9-BmZxtdsAjr7Gug,https://s3-media0.fl.yelpcdn.com/bphoto/SaHK7Xl8sKFH0SDoP6Lp8w/o.jpg,2462.5534945657932
i2IertfmCglGxRGjj979_A,Cariño,cariño-chicago-3,5.0,24,No especificado,"Latin American, Tacos","4662 N Broadway, Chicago, IL 60640",Chicago,IL,60640,US,+13127226838,(312) 722-6838,False,https://www.yelp.com/biz/cari%C3%B1o-chicago-3?adjust_creative=GWOCZh9-BmZxtdsAjr7Gug&utm_campaign=yelp_api_v3&utm_medium=api_v3_business_search&utm_source=GWOCZh9-BmZxtdsAjr7Gug,https://s3-media0.fl.yelpcdn.com/bphoto/WKtoalzwO8zQrMFrUt_x0A/o.jpg,7033.973113075736
NCbmJtryUXXg1mtoZg8aJg,TAK Korean Bistro & Karaoke,tak-korean-bistro-and-karaoke-chicago,4.4,126,$$$,"Korean, Karaoke, Cocktail Bars","1132 S Wabash Ave, Lower Level, Chicago, IL 60605",Chicago,IL,60605,US,+13127226632,(312) 722-6632,False,https://www.yelp.com/biz/tak-korean-bistro-and-karaoke-chicago?adjust_creative=GWOCZh9-BmZxtdsAjr7Gug&utm_campaign=yelp_api_v3&utm_medium=api_v3_business_search&utm_source=GWOCZh9-BmZxtdsAjr7Gug,https://s3-media0.fl.yelpcdn.com/bphoto/TPcDriS5OH-4F6FHqj-fwQ/o.jpg,5922.344768521574
CsOBdkThymA-WUlwf_xa_Q,Tama,tama-chicago-2,4.5,55,No especificado,"Greek, Bars","1952 N Damen Ave, Chicago, IL 60647",Chicago,IL,60647,US,+13129550212,(312) 955-0212,False,https://www.yelp.com/biz/tama-chicago-2?adjust_creative=GWOCZh9-BmZxtdsAjr7Gug&utm_campaign=yelp_api_v3&utm_medium=api_v3_business_search&utm_source=GWOCZh9-BmZxtdsAjr7Gug,https://s3-media0.fl.yelpcdn.com/bphoto/hx-6_n6mTFQgva78nclpoA/o.jpg,1353.6435125082073
a2ogrDeg0HwwzlLIj3x-Qg,Boonie's Filipino Restaurant,boonies-filipino-restaurant-chicago,4.5,198,No especificado,Filipino,"4337 N Western Ave, Chicago, IL 60618",Chicago,IL,60618,US,+17089908886,(708) 990-8886,False,https://www.yelp.com/biz/boonies-filipino-restaurant-chicago?adjust_creative=GWOCZh9-BmZxtdsAjr7Gug&utm_campaign=yelp_api_v3&utm_medium=api_v3_business_search&utm_source=GWOCZh9-BmZxtdsAjr7Gug,https://s3-media0.fl.yelpcdn.com/bphoto/5PU1i83ppBEO31qzss1Y0w/o.jpg,6219.280499099706
apo9fX6Opmr2Z87sm-_cfg,All Together Now,all-together-now-chicago,4.5,134,$$,"Specialty Food, New American, Beer, Wine & Spirits","2119 West Chicago Ave, Chicago, IL 60622",Chicago,IL,60622,US,+17736611599,(773) 661-1599,False,https://www.yelp.com/biz/all-together-now-chicago?adjust_creative=GWOCZh9-BmZxtdsAjr7Gug&utm_campaign=yelp_api_v3&utm_medium=api_v3_business_search&utm_source=GWOCZh9-BmZxtdsAjr7Gug,https://s3-media0.fl.yelpcdn.com/bphoto/DvMFTWqiDnYrJxGneDdtSQ/o.jpg,1090.5539181025072
HuB9hjq-X4LEEqxN2RhAVw,Kama,kama-chicago-2,4.3,110,No especificado,"Indian, Beer Bar, Cocktail Bars","1560 N Milwaukee Ave, Chicago, IL 60622",Chicago,IL,60622,US,+17739047640,(773) 904-7640,False,https://www.yelp.com/biz/kama-chicago-2?adjust_creative=GWOCZh9-BmZxtdsAjr7Gug&utm_campaign=yelp_api_v3&utm_medium=api_v3_business_search&utm_source=GWOCZh9-BmZxtdsAjr7Gug,https://s3-media0.fl.yelpcdn.com/bphoto/3GhZ7ERAK-1mV0q1iZ6RDQ/o.jpg,498.54875265854815
9mhqcimD0CYvqxzfj_VXnQ,Little Bad Wolf,little-bad-wolf-chicago,4.4,2496,$$,"American, Beer Bar, Cocktail Bars","1541 W Bryn Mawr Ave, Chicago, IL 60660",Chicago,IL,60660,US,+17739426399,(773) 942-6399,False,https://www.yelp.com/biz/little-bad-wolf-chicago?adjust_creative=GWOCZh9-BmZxtdsAjr7Gug&utm_campaign=yelp_api_v3&utm_medium=api_v3_business_search&utm_source=GWOCZh9-BmZxtdsAjr7Gug,https://s3-media0.fl.yelpcdn.com/bphoto/X_RUy9GZ5DJRIzf9A739OQ/o.jpg,8713.427015509145
XR7K-0DlG3dikV4nRXPjYQ,Matilda,matilda-chicago-3,4.8,24,No especificado,"Mexican, Peruvian, Cocktail Bars","535 N Wells St, Chicago, IL 60654",Chicago,IL,60654,US,,,False,https://www.yelp.com/biz/matilda-chicago-3?adjust_creative=GWOCZh9-BmZxtdsAjr7Gug&utm_campaign=yelp_api_v3&utm_medium=api_v3_business_search&utm_source=GWOCZh9-BmZxtdsAjr7Gug,https://s3-media0.fl.yelpcdn.com/bphoto/sfMZXUw5vviqQtvq5Et0QQ/o.jpg,3928.3749799793068
tQoQbc3vAo3qdTDiNgSekA,Pleasant House Pub,pleasant-house-pub-chicago-3,4.4,1001,$$,"British, Pubs, Breakfast & Brunch","2119 S Halsted St, Chicago, IL 60608",Chicago,IL,60608,US,+17735237437,(773) 523-7437,False,https://www.yelp.com/biz/pleasant-house-pub-chicago-3?adjust_creative=GWOCZh9-BmZxtdsAjr7Gug&utm_campaign=yelp_api_v3&utm_medium=api_v3_business_search&utm_source=GWOCZh9-BmZxtdsAjr7Gug,https://s3-media0.fl.yelpcdn.com/bphoto/qzQBx5S6C-Vm9xhlPEozQQ/o.jpg,6312.06975559643
lgdxwmfYeHFd-BVhZnTGfQ,Eden,eden-chicago-11,4.5,417,$$$,"New American, Breakfast & Brunch, Wine Bars","2734 W Roscoe St, Chicago, IL 60618",Chicago,IL,60618,US,+13123662294,(312) 366-2294,False,https://www.yelp.com/biz/eden-chicago-11?adjust_creative=GWOCZh9-BmZxtdsAjr7Gug&utm_campaign=yelp_api_v3&utm_medium=api_v3_business_search&utm_source=GWOCZh9-BmZxtdsAjr7Gug,https://s3-media0.fl.yelpcdn.com/bphoto/IK2TLT-kd-BM_M1wp9M_xQ/o.jpg,4478.39945542139
iOMvXQYFl6_mtw0wX6ZUXw,Forbidden Root,forbidden-root-chicago,4.3,634,$$,"Brewpubs, Tapas/Small Plates, Cocktail Bars","1746 W Chicago Ave, Chicago, IL 60622",Chicago,IL,60622,US,+13129292202,(312) 929-2202,False,https://www.yelp.com/biz/forbidden-root-chicago?adjust_creative=GWOCZh9-BmZxtdsAjr7Gug&utm_campaign=yelp_api_v3&utm_medium=api_v3_business_search&utm_source=GWOCZh9-BmZxtdsAjr7Gug,https://s3-media0.fl.yelpcdn.com/bphoto/flCaVpuO0bD6PAuWBntEnA/o.jpg,1128.4224298150998
ATbuE6MdSeYLIxcfB8MYCA,Cabra,cabra-chicago-2,4.2,890,$$$,Peruvian,"200 N Green St, Chicago, IL 60607",Chicago,IL,60607,US,+13127611717,(312) 761-1717,False,https://www.yelp.com/biz/cabra-chicago-2?adjust_creative=GWOCZh9-BmZxtdsAjr7Gug&utm_campaign=yelp_api_v3&utm_medium=api_v3_business_search&utm_source=GWOCZh9-BmZxtdsAjr7Gug,https://s3-media0.fl.yelpcdn.com/bphoto/AodXsI8hnevZb7dINgk-Bw/o.jpg,3208.06560352997
KSN52IyGX6tsKLFyXfRCzg,Gussie's Handmade Italian,gussies-handmade-italian-chicago,4.3,343,$$,"Italian, Desserts, Salad","227 W North Ave, Chicago, IL 60610",Chicago,IL,60610,US,+13129293091,(312) 929-3091,False,https://www.yelp.com/biz/gussies-handmade-italian-chicago?adjust_creative=GWOCZh9-BmZxtdsAjr7Gug&utm_campaign=yelp_api_v3&utm_medium=api_v3_business_search&utm_source=GWOCZh9-BmZxtdsAjr7Gug,https://s3-media0.fl.yelpcdn.com/bphoto/7P24aZ5aBBaBKVNxhwbHhA/o.jpg,3519.1842468150585
B3s6h5OFne0C5ygKSevJpA,Rudy’s Ramen,rudy-s-ramen-chicago,4.7,158,$$,Ramen,"1146 N Milwaukee Ave, Chicago, IL 60642",Chicago,IL,60642,US,+13129657187,(312) 965-7187,False,https://www.yelp.com/biz/rudy-s-ramen-chicago?adjust_creative=GWOCZh9-BmZxtdsAjr7Gug&utm_campaign=yelp_api_v3&utm_medium=api_v3_business_search&utm_source=GWOCZh9-BmZxtdsAjr7Gug,https://s3-media0.fl.yelpcdn.com/bphoto/9P6aTCu4xbaF2-fvQ4EXPw/o.jpg,1068.1268768503876
9aUbPj7dgcjdqF_C0OKjPQ,Gavroche,gavroche-chicago,4.5,50,No especificado,French,"1529 N Wells St, Chicago, IL 60611",Chicago,IL,60611,US,+13128988925,(312) 898-8925,False,https://www.yelp.com/biz/gavroche-chicago?adjust_creative=GWOCZh9-BmZxtdsAjr7Gug&utm_campaign=yelp_api_v3&utm_medium=api_v3_business_search&utm_source=GWOCZh9-BmZxtdsAjr7Gug,https://s3-media0.fl.yelpcdn.com/bphoto/ZMKGxH4B6-VDcutPTi_Deg/o.jpg,3624.59931641062
ZhHonGY7XknrPjwtx2jg2A,Khmai,khmai-chicago,4.5,73,No especificado,Cambodian,"6580 N Sheridan Rd, Chicago, IL 60626",Chicago,IL,60626,US,+13126267710,(312) 626-7710,False,https://www.yelp.com/biz/khmai-chicago?adjust_creative=GWOCZh9-BmZxtdsAjr7Gug&utm_campaign=yelp_api_v3&utm_medium=api_v3_business_search&utm_source=GWOCZh9-BmZxtdsAjr7Gug,https://s3-media0.fl.yelpcdn.com/bphoto/wj5cBkghQVUwDINqCLeHBw/o.jpg,10889.881295466877
_MnIiS_b3enHyx8Y62gd4Q,Oriole,oriole-chicago,4.7,425,$$$$,New American,"661 W Walnut St, Chicago, IL 60661",Chicago,IL,60661,US,+13128775339,(312) 877-5339,False,https://www.yelp.com/biz/oriole-chicago?adjust_creative=GWOCZh9-BmZxtdsAjr7Gug&utm_campaign=yelp_api_v3&utm_medium=api_v3_business_search&utm_source=GWOCZh9-BmZxtdsAjr7Gug,https://s3-media0.fl.yelpcdn.com/bphoto/XNJqhprLeyn_gb8zYnPJyA/o.jpg,3444.011411383667
0IYXh7l_VppKw5y97FehoA,Kasama,kasama-chicago,4.5,1230,$$,"Filipino, Bakeries, New American","1001 N Winchester Ave, Chicago, IL 60622",Chicago,IL,60622,US,+17736973790,(773) 697-3790,False,https://www.yelp.com/biz/kasama-chicago?adjust_creative=GWOCZh9-BmZxtdsAjr7Gug&utm_campaign=yelp_api_v3&utm_medium=api_v3_business_search&utm_source=GWOCZh9-BmZxtdsAjr7Gug,https://s3-media0.fl.yelpcdn.com/bphoto/APJhh2bUtv_eUTh3GDtw_Q/o.jpg,641.86023053467
4i1Ny2zIE1VJSU9gLMkHqg,Lula Cafe,lula-cafe-chicago-3,4.3,2387,$$,"New American, Breakfast & Brunch, Desserts","2537 N Kedzie Blvd, Chicago, IL 60647",Chicago,IL,60647,US,+17734899554,(773) 489-9554,False,https://www.yelp.com/biz/lula-cafe-chicago-3?adjust_creative=GWOCZh9-BmZxtdsAjr7Gug&utm_campaign=yelp_api_v3&utm_medium=api_v3_business_search&utm_source=GWOCZh9-BmZxtdsAjr7Gug,https://s3-media0.fl.yelpcdn.com/bphoto/xNG0MnCEP_EUjFYuu3VJBg/o.jpg,3465.327196624243
l_602ggEZES7dW_WeOmKYA,Elia,elia-chicago,4.0,121,No especificado,"Turkish, Mediterranean, Halal","1938 W Division St, Chicago, IL 60622",Chicago,IL,60622,US,+17737703658,(773) 770-3658,False,https://www.yelp.com/biz/elia-chicago?adjust_creative=GWOCZh9-BmZxtdsAjr7Gug&utm_campaign=yelp_api_v3&utm_medium=api_v3_business_search&utm_source=GWOCZh9-BmZxtdsAjr7Gug,https://s3-media0.fl.yelpcdn.com/bphoto/Nb73usJ0nSu-HgwJi7ovVg/o.jpg,227.5946448348539
t2nXebM7aqTj_qq6saZ89g,Eataly Chicago,eataly-chicago-chicago-6,3.9,4613,$$,"Pizza, Italian, International Grocery","43 E Ohio St, Chicago, IL 60611",Chicago,IL,60611,US,+13125218700,(312) 521-8700,False,https://www.yelp.com/biz/eataly-chicago-chicago-6?adjust_creative=GWOCZh9-BmZxtdsAjr7Gug&utm_campaign=yelp_api_v3&utm_medium=api_v3_business_search&utm_source=GWOCZh9-BmZxtdsAjr7Gug,https://s3-media0.fl.yelpcdn.com/bphoto/-51tE5R_DODX6IBAOqkEeA/o.jpg,4496.376678474428
dro6ttzG0H2PlES0gI8LIg,Tortello,tortello-chicago,4.3,562,$$,"Pasta Shops, Italian, Salad","1746 W Division St, Chicago, IL 60622",Chicago,IL,60622,US,+17733601293,(773) 360-1293,False,https://www.yelp.com/biz/tortello-chicago?adjust_creative=GWOCZh9-BmZxtdsAjr7Gug&utm_campaign=yelp_api_v3&utm_medium=api_v3_business_search&utm_source=GWOCZh9-BmZxtdsAjr7Gug,https://s3-media0.fl.yelpcdn.com/bphoto/D8lGceXgKYT3Gq8x_-KQaA/o.jpg,526.6698449414077
hMNHD9LHs_R3vFCfTOGorw,Izakaya Shinya,izakaya-shinya-chicago,4.2,171,No especificado,"Ramen, Cocktail Bars, Izakaya","2255 W North Ave, Chicago, IL 60647",Chicago,IL,60647,US,+13128808133,(312) 880-8133,False,https://www.yelp.com/biz/izakaya-shinya-chicago?adjust_creative=GWOCZh9-BmZxtdsAjr7Gug&utm_campaign=yelp_api_v3&utm_medium=api_v3_business_search&utm_source=GWOCZh9-BmZxtdsAjr7Gug,https://s3-media0.fl.yelpcdn.com/bphoto/491oQAKES-sjY7tCNGwh8Q/o.jpg,784.9163594486215
WyjV1N1iQcXnk9_oLHaKxw,Pinched on the River,pinched-on-the-river-chicago,4.4,495,$$,"Mediterranean, Wine Bars","443 E Illinois St, Chicago, IL 60611",Chicago,IL,60611,US,+13125263883,(312) 526-3883,False,https://www.yelp.com/biz/pinched-on-the-river-chicago?adjust_creative=GWOCZh9-BmZxtdsAjr7Gug&utm_campaign=yelp_api_v3&utm_medium=api_v3_business_search&utm_source=GWOCZh9-BmZxtdsAjr7Gug,https://s3-media0.fl.yelpcdn.com/bphoto/XTSO346yeQ3HDZVLg-_JaA/o.jpg,5361.856765940691
TpnJu57_NYEjgJyL6klurg,PERILLA steakhouse,perilla-steakhouse-chicago-5,4.2,126,No especificado,"Steakhouses, Korean, Cocktail Bars","225 N Wabash Ave, Chicago, IL 60601",Chicago,IL,60601,US,+13122369300,(312) 236-9300,False,https://www.yelp.com/biz/perilla-steakhouse-chicago-5?adjust_creative=GWOCZh9-BmZxtdsAjr7Gug&utm_campaign=yelp_api_v3&utm_medium=api_v3_business_search&utm_source=GWOCZh9-BmZxtdsAjr7Gug,https://s3-media0.fl.yelpcdn.com/bphoto/C_9edXz-MtkkawpF-u0oIw/o.jpg,4751.14073058608
Enf_3DXmppx19hFGs0UDKw,La Nonna,la-nonna-chicago,4.7,432,$$,"Argentine, Italian","3400 N Lawndale Ave, Chicago, IL 60618",Chicago,IL,60618,US,+17732534741,(773) 253-4741,False,https://www.yelp.com/biz/la-nonna-chicago?adjust_creative=GWOCZh9-BmZxtdsAjr7Gug&utm_campaign=yelp_api_v3&utm_medium=api_v3_business_search&utm_source=GWOCZh9-BmZxtdsAjr7Gug,https://s3-media0.fl.yelpcdn.com/bphoto/-jBN1TM7gcCGELyAk3B-RA/o.jpg,5474.534952379793
m5_GCJP2W4zEJnyVgxa3eA,Longman & Eagle,longman-and-eagle-chicago,4.1,2624,$$,"Gastropubs, Whiskey Bars, American","2657 N Kedzie Ave, Chicago, IL 60647",Chicago,IL,60647,US,+17732767110,(773) 276-7110,False,https://www.yelp.com/biz/longman-and-eagle-chicago?adjust_creative=GWOCZh9-BmZxtdsAjr7Gug&utm_campaign=yelp_api_v3&utm_medium=api_v3_business_search&utm_source=GWOCZh9-BmZxtdsAjr7Gug,https://s3-media0.fl.yelpcdn.com/bphoto/nkFuSeLKVdj4EYFWZFahuA/o.jpg,3689.863796513179
bQDXNksi5lQ4YRv0kGSzjQ,The Welcome Back Lounge,the-welcome-back-lounge-chicago,4.5,128,$$,"American, Breakfast & Brunch, Cocktail Bars","2423 N Milwaukee Ave, Chicago, IL 60647",Chicago,IL,60647,US,+17738252800,(773) 825-2800,False,https://www.yelp.com/biz/the-welcome-back-lounge-chicago?adjust_creative=GWOCZh9-BmZxtdsAjr7Gug&utm_campaign=yelp_api_v3&utm_medium=api_v3_business_search&utm_source=GWOCZh9-BmZxtdsAjr7Gug,https://s3-media0.fl.yelpcdn.com/bphoto/TjCUcUaKkS9YHQY6RI0PRg/o.jpg,2959.2490356321614
p2cCK4Vu-3L-skOMd93VVg,JJ Thai Street Food,jj-thai-street-food-chicago,4.4,548,$$,Thai,"1715 W Chicago Ave, Chicago, IL 60622",Chicago,IL,60622,US,+13129294435,(312) 929-4435,False,https://www.yelp.com/biz/jj-thai-street-food-chicago?adjust_creative=GWOCZh9-BmZxtdsAjr7Gug&utm_campaign=yelp_api_v3&utm_medium=api_v3_business_search&utm_source=GWOCZh9-BmZxtdsAjr7Gug,https://s3-media0.fl.yelpcdn.com/bphoto/MPT9IGU4ZUHtL1JCpczDZg/o.jpg,1213.2445718085296
FwDHTTQeq2-9oIk13r37aw,Sotto,sotto-chicago,4.3,6,No especificado,Italian,"71 W Monroe St Lower Level, Chicago, IL 60603",Chicago,IL,60603,US,+13123327475,(312) 332-7475,False,https://www.yelp.com/biz/sotto-chicago?adjust_creative=GWOCZh9-BmZxtdsAjr7Gug&utm_campaign=yelp_api_v3&utm_medium=api_v3_business_search&utm_source=GWOCZh9-BmZxtdsAjr7Gug,https://s3-media0.fl.yelpcdn.com/bphoto/A_tBUcrZ4vZWuvyzcOMDrw/o.jpg,4817.769202411339
p-a5uSlaIENNTmoYqOvTYA,DeNuccis,denuccis-lincoln-park,4.4,210,$$$,"New American, Italian","503 W Dickens Ave, Lincoln Park, IL 60614",Lincoln Park,IL,60614,US,+17736978780,(773) 697-8780,False,https://www.yelp.com/biz/denuccis-lincoln-park?adjust_creative=GWOCZh9-BmZxtdsAjr7Gug&utm_campaign=yelp_api_v3&utm_medium=api_v3_business_search&utm_source=GWOCZh9-BmZxtdsAjr7Gug,https://s3-media0.fl.yelpcdn.com/bphoto/qYmj4pLnnHYLkLH3bRL8Cw/o.jpg,3417.1392242489283
bPiaa7fgHkC9l7B2HyS0aw,Cedar Palace,cedar-palace-chicago-2,4.8,505,$$,"Lebanese, Falafel","655 W Armitage Ave, Chicago, IL 60614",Chicago,IL,60614,US,+13126430933,(312) 643-0933,False,https://www.yelp.com/biz/cedar-palace-chicago-2?adjust_creative=GWOCZh9-BmZxtdsAjr7Gug&utm_campaign=yelp_api_v3&utm_medium=api_v3_business_search&utm_source=GWOCZh9-BmZxtdsAjr7Gug,https://s3-media0.fl.yelpcdn.com/bphoto/TcWClplXd-snEKEZttMPCA/o.jpg,3004.4738179989
VTvA123KB4mH9etLGvEYlA,Oliver’s,oliver-s-chicago,4.6,91,No especificado,"Seafood, Burgers, Cocktail Bars","1639 S Wabash Ave, Chicago, IL 60616",Chicago,IL,60616,US,+12133203100,(213) 320-3100,False,https://www.yelp.com/biz/oliver-s-chicago?adjust_creative=GWOCZh9-BmZxtdsAjr7Gug&utm_campaign=yelp_api_v3&utm_medium=api_v3_business_search&utm_source=GWOCZh9-BmZxtdsAjr7Gug,https://s3-media0.fl.yelpcdn.com/bphoto/DTg-jmTx5NDz9oS-dmIR2g/o.jpg,6730.659699529403
sJOPkTGLi53eB46ykvDeRg,Farm Bar - Lakeview,farm-bar-lakeview-chicago,4.2,542,$$,"Bars, New American, Beer, Wine & Spirits","1300 W Wellington Ave, Chicago, IL 60657",Chicago,IL,60657,US,+17732812599,(773) 281-2599,False,https://www.yelp.com/biz/farm-bar-lakeview-chicago?adjust_creative=GWOCZh9-BmZxtdsAjr7Gug&utm_campaign=yelp_api_v3&utm_medium=api_v3_business_search&utm_source=GWOCZh9-BmZxtdsAjr7Gug,https://s3-media0.fl.yelpcdn.com/bphoto/7llaReubpG36PeD2v_llSQ/o.jpg,3715.9040794570924
ziIfrqtyupmeNlPAOx6jTw,Quartino Ristorante,quartino-ristorante-chicago,4.2,6092,$$,"Italian, Wine Bars","626 N State St, Chicago, IL 60654",Chicago,IL,60654,US,+13126985000,(312) 698-5000,False,https://www.yelp.com/biz/quartino-ristorante-chicago?adjust_creative=GWOCZh9-BmZxtdsAjr7Gug&utm_campaign=yelp_api_v3&utm_medium=api_v3_business_search&utm_source=GWOCZh9-BmZxtdsAjr7Gug,https://s3-media0.fl.yelpcdn.com/bphoto/sXuF8TAb3WlRV_hE3iMkRg/o.jpg,4292.974325195948
URjuAY-Nv-133vzQMe77tg,Birdman Ramen,birdman-ramen-chicago,4.3,75,$$,Ramen,"212 E Ohio St, Chicago, IL 60654",Chicago,IL,60654,US,+13125794459,(312) 579-4459,False,https://www.yelp.com/biz/birdman-ramen-chicago?adjust_creative=GWOCZh9-BmZxtdsAjr7Gug&utm_campaign=yelp_api_v3&utm_medium=api_v3_business_search&utm_source=GWOCZh9-BmZxtdsAjr7Gug,https://s3-media0.fl.yelpcdn.com/bphoto/vL2TRgyDQ3kutcDExn2o8A/o.jpg,4812.890838007259
32t_t04aDAMRkhNksU0xsg,Charlie Martin's,charlie-martins-chicago,4.8,46,No especificado,Supper Clubs,"736 N Clark St, Chicago, IL 60654",Chicago,IL,60654,US,+13129293174,(312) 929-3174,False,https://www.yelp.com/biz/charlie-martins-chicago?adjust_creative=GWOCZh9-BmZxtdsAjr7Gug&utm_campaign=yelp_api_v3&utm_medium=api_v3_business_search&utm_source=GWOCZh9-BmZxtdsAjr7Gug,https://s3-media0.fl.yelpcdn.com/bphoto/-2piz52WtE2Am94jxNO_RA/o.jpg,3969.1357162408804
aLdHP31HE8NpCxw-Xm2jhQ,Manchamanteles Restaurant,manchamanteles-restaurant-chicago-3,4.5,115,$$,"Mexican, Desserts, Breakfast & Brunch","2009 N Western Ave, Chicago, IL 60647",Chicago,IL,60647,US,+17737998148,(773) 799-8148,False,https://www.yelp.com/biz/manchamanteles-restaurant-chicago-3?adjust_creative=GWOCZh9-BmZxtdsAjr7Gug&utm_campaign=yelp_api_v3&utm_medium=api_v3_business_search&utm_source=GWOCZh9-BmZxtdsAjr7Gug,https://s3-media0.fl.yelpcdn.com/bphoto/2r2BH-l-U6g2BNiMUlvBgA/o.jpg,1604.8206391677475
_O2_9HL-pnb3ZvOOfjRDuA,Shinhwa Korean Steakhouse,shinhwa-korean-steakhouse-chicago-3,4.3,107,$$$,Korean,"2407 S Wentworth Ave, Chicago, IL 60616",Chicago,IL,60616,US,+13122919034,(312) 291-9034,False,https://www.yelp.com/biz/shinhwa-korean-steakhouse-chicago-3?adjust_creative=GWOCZh9-BmZxtdsAjr7Gug&utm_campaign=yelp_api_v3&utm_medium=api_v3_business_search&utm_source=GWOCZh9-BmZxtdsAjr7Gug,https://s3-media0.fl.yelpcdn.com/bphoto/9g_EO1kihdh9-25jKOfFUA/o.jpg,7330.6765580657
YghqKXYrA7mvQkkrhMYSHw,Chubby Cattle,chubby-cattle-chicago-10,4.5,313,$$$$,"Barbeque, Japanese, Steakhouses","2162 S Archer, Chicago, IL 60616",Chicago,IL,60616,US,+17734519398,(773) 451-9398,False,https://www.yelp.com/biz/chubby-cattle-chicago-10?adjust_creative=GWOCZh9-BmZxtdsAjr7Gug&utm_campaign=yelp_api_v3&utm_medium=api_v3_business_search&utm_source=GWOCZh9-BmZxtdsAjr7Gug,https://s3-media0.fl.yelpcdn.com/bphoto/DGwBECAXhZFq41iPtSmSmw/o.jpg,6776.854816122704
b04EoiyFImaaSL7tqv3L3Q,Milly’s Pizza In The Pan,milly-s-pizza-in-the-pan-chicago,4.6,170,$$,Pizza,"925 N Ashland Ave, Chicago, IL 60622",Chicago,IL,60622,US,+12246564732,(224) 656-4732,False,https://www.yelp.com/biz/milly-s-pizza-in-the-pan-chicago?adjust_creative=GWOCZh9-BmZxtdsAjr7Gug&utm_campaign=yelp_api_v3&utm_medium=api_v3_business_search&utm_source=GWOCZh9-BmZxtdsAjr7Gug,https://s3-media0.fl.yelpcdn.com/bphoto/i_unzse0FIjdaEAgrha-Ug/o.jpg,1146.0396228395389
PH2qRMJ2s4oqI1-9wlu2jw,Rose Mary,rose-mary-chicago-2,4.3,819,$$$$,"Italian, Modern European, Cocktail Bars","932 W Fulton Market, Chicago, IL 60607",Chicago,IL,60607,US,+18722603921,(872) 260-3921,False,https://www.yelp.com/biz/rose-mary-chicago-2?adjust_creative=GWOCZh9-BmZxtdsAjr7Gug&utm_campaign=yelp_api_v3&utm_medium=api_v3_business_search&utm_source=GWOCZh9-BmZxtdsAjr7Gug,https://s3-media0.fl.yelpcdn.com/bphoto/1ohj2UxPl0rRVk_uUK1T-w/o.jpg,2993.276511848011
D3tJ-N85kZddAwetQHTpkQ,Dell Rooster - Chicago,dell-rooster-chicago-chicago,4.8,162,$$,"Latin American, Breakfast & Brunch, Sandwiches","1825 W Chicago Ave, Chicago, IL 60622",Chicago,IL,60622,US,+13125263109,(312) 526-3109,False,https://www.yelp.com/biz/dell-rooster-chicago-chicago?adjust_creative=GWOCZh9-BmZxtdsAjr7Gug&utm_campaign=yelp_api_v3&utm_medium=api_v3_business_search&utm_source=GWOCZh9-BmZxtdsAjr7Gug,https://s3-media0.fl.yelpcdn.com/bphoto/QE9BQDVzPITpr5gly1QVKQ/o.jpg,1120.4669230364489
r9zeenSk7DLkv3MwHbfkng,Menya Goku By Ramen Wasabi,menya-goku-by-ramen-wasabi-chicago,4.7,138,$$,Ramen,"2207 W Montrose Ave, Chicago, IL 60618",Chicago,IL,60618,US,+17739426701,(773) 942-6701,False,https://www.yelp.com/biz/menya-goku-by-ramen-wasabi-chicago?adjust_creative=GWOCZh9-BmZxtdsAjr7Gug&utm_campaign=yelp_api_v3&utm_medium=api_v3_business_search&utm_source=GWOCZh9-BmZxtdsAjr7Gug,https://s3-media0.fl.yelpcdn.com/bphoto/YUSehQQXGODCGSQp1ssNxw/o.jpg,6246.778204036729
OLLCYpaF_cWzrZ-Hd7FYMQ,Lardon,lardon-chicago,4.3,140,$$,"Cafes, Sandwiches, Wine Bars","2200 N California Ave, Chicago, IL 60647",Chicago,IL,60647,US,+17736974444,(773) 697-4444,False,https://www.yelp.com/biz/lardon-chicago?adjust_creative=GWOCZh9-BmZxtdsAjr7Gug&utm_campaign=yelp_api_v3&utm_medium=api_v3_business_search&utm_source=GWOCZh9-BmZxtdsAjr7Gug,https://s3-media0.fl.yelpcdn.com/bphoto/qsajRXM_i7cOo-EPi0t2ig/o.jpg,2468.223051104041
8kzFBxGtAiOARf-4dnjOCA,Bar Sotto,bar-sotto-chicago-2,4.6,17,No especificado,"Beer Bar, Italian, Cocktail Bars","71 W Monroe St, Lower Level, Chicago, IL 60603",Chicago,IL,60603,US,+13123327475,(312) 332-7475,False,https://www.yelp.com/biz/bar-sotto-chicago-2?adjust_creative=GWOCZh9-BmZxtdsAjr7Gug&utm_campaign=yelp_api_v3&utm_medium=api_v3_business_search&utm_source=GWOCZh9-BmZxtdsAjr7Gug,https://s3-media0.fl.yelpcdn.com/bphoto/YnO4eVDQAriPw6LCdNZybA/o.jpg,4817.769202411339
PtqCsmnOow_ByOkj38eB8w,The Evie,the-evie-chicago,4.5,277,$$$,"American, Sushi Bars, Steakhouses","537 N Michigan Ave, Chicago, IL 60611",Chicago,IL,60611,US,+13127013300,(312) 701-3300,False,https://www.yelp.com/biz/the-evie-chicago?adjust_creative=GWOCZh9-BmZxtdsAjr7Gug&utm_campaign=yelp_api_v3&utm_medium=api_v3_business_search&utm_source=GWOCZh9-BmZxtdsAjr7Gug,https://s3-media0.fl.yelpcdn.com/bphoto/1oVK9OyL-q4bf4ktvipQhg/o.jpg,4686.022603380091
kUpqpEqkBjZguS1uA6NQYA,En Hakkore 2.0,en-hakkore-2-0-chicago-15,4.6,609,$$,"Asian Fusion, Poke, Sushi Bars","1467 N Milwaukee Ave, Chicago, IL 60622",Chicago,IL,60622,US,+17732785959,(773) 278-5959,False,https://www.yelp.com/biz/en-hakkore-2-0-chicago-15?adjust_creative=GWOCZh9-BmZxtdsAjr7Gug&utm_campaign=yelp_api_v3&utm_medium=api_v3_business_search&utm_source=GWOCZh9-BmZxtdsAjr7Gug,https://s3-media0.fl.yelpcdn.com/bphoto/QO3A1d-5GkMHMIknJYml0A/o.jpg,461.0991041813343
asY7B6x7ZdTivOq4sElZQg,Hoyt's Chicago,hoyts-chicago-chicago-3,4.5,4,No especificado,"American, Beer, Wine & Spirits, Cocktail Bars","71 E Wacker Dr, Chicago, IL 60601",Chicago,IL,60601,US,+13123469870,(312) 346-9870,False,https://www.yelp.com/biz/hoyts-chicago-chicago-3?adjust_creative=GWOCZh9-BmZxtdsAjr7Gug&utm_campaign=yelp_api_v3&utm_medium=api_v3_business_search&utm_source=GWOCZh9-BmZxtdsAjr7Gug,https://s3-media0.fl.yelpcdn.com/bphoto/WeGEwCN6n1QTBenxBPMzKQ/o.jpg,4743.629336655919
KML-ctMyeT9OkmEO_zjQmw,Bazaar Meat,bazaar-meat-by-josé-andrés-chicago-2,4.3,211,$$$$,Steakhouses,"120 N Wacker Dr, Chicago, IL 60606",Chicago,IL,60606,US,+13128206601,(312) 820-6601,False,https://www.yelp.com/biz/bazaar-meat-by-jos%C3%A9-andr%C3%A9s-chicago-2?adjust_creative=GWOCZh9-BmZxtdsAjr7Gug&utm_campaign=yelp_api_v3&utm_medium=api_v3_business_search&utm_source=GWOCZh9-BmZxtdsAjr7Gug,https://s3-media0.fl.yelpcdn.com/bphoto/uar1D2TK36TgRE_vYh8fng/o.jpg,4102.904355999825
hRoJc3vnia5CXXBTXL5Jtg,Omakase Shoji,omakase-shoji-chicago,4.9,39,No especificado,"Japanese, Bars","1641 W Chicago Ave, Chicago, IL 60622",Chicago,IL,60622,US,,,False,https://www.yelp.com/biz/omakase-shoji-chicago?adjust_creative=GWOCZh9-BmZxtdsAjr7Gug&utm_campaign=yelp_api_v3&utm_medium=api_v3_business_search&utm_source=GWOCZh9-BmZxtdsAjr7Gug,https://s3-media0.fl.yelpcdn.com/bphoto/7CnE1y7VwiHwyyZOIDb3Wg/o.jpg,1276.1003878145232
uGrvtr88xUMU7RrKfXvCGg,jeong,jeong-chicago,4.6,217,$$$$,"Korean, New American","1460 W Chicago Ave, Chicago, IL 60642",Chicago,IL,60642,US,+13128775016,(312) 877-5016,False,https://www.yelp.com/biz/jeong-chicago?adjust_creative=GWOCZh9-BmZxtdsAjr7Gug&utm_campaign=yelp_api_v3&utm_medium=api_v3_business_search&utm_source=GWOCZh9-BmZxtdsAjr7Gug,https://s3-media0.fl.yelpcdn.com/bphoto/Ry2XjwfKXcoJjSriWgPoAA/o.jpg,1461.6970542748966
iiY5lZTcUqgxfU2It8pyUQ,Il Girasole Trattoria,il-girasole-trattoria-chicago,4.6,60,No especificado,"Desserts, Italian, Soup","2700 N Western Ave, Chicago, IL 60647",Chicago,IL,60647,US,+18723152928,(872) 315-2928,False,https://www.yelp.com/biz/il-girasole-trattoria-chicago?adjust_creative=GWOCZh9-BmZxtdsAjr7Gug&utm_campaign=yelp_api_v3&utm_medium=api_v3_business_search&utm_source=GWOCZh9-BmZxtdsAjr7Gug,https://s3-media0.fl.yelpcdn.com/bphoto/UDpRGZ5lW0LGdpCw8kauJA/o.jpg,2931.815330468413
dNahrgb_2WkgA4ZhONEHuA,Botanero,botanero-chicago,4.3,23,No especificado,"Mexican, Lounges, Cocktail Bars","1413 N Ashland Ave, Chicago, IL 60622",Chicago,IL,60622,US,+17737703605,(773) 770-3605,False,https://www.yelp.com/biz/botanero-chicago?adjust_creative=GWOCZh9-BmZxtdsAjr7Gug&utm_campaign=yelp_api_v3&utm_medium=api_v3_business_search&utm_source=GWOCZh9-BmZxtdsAjr7Gug,https://s3-media0.fl.yelpcdn.com/bphoto/Trir9dR9HW0bqyOZq4lJow/o.jpg,900.7253382161806
etdDXmh2FnRgOgCRge5MAQ,Ocean Grill & Bar,ocean-grill-and-bar-chicago,4.3,164,$$,Vietnamese,"1826 S Canal St, Chicago, IL 60616",Chicago,IL,60616,US,+13122261826,(312) 226-1826,False,https://www.yelp.com/biz/ocean-grill-and-bar-chicago?adjust_creative=GWOCZh9-BmZxtdsAjr7Gug&utm_campaign=yelp_api_v3&utm_medium=api_v3_business_search&utm_source=GWOCZh9-BmZxtdsAjr7Gug,https://s3-media0.fl.yelpcdn.com/bphoto/Lx-UsyOvxZmowRkouv13aA/o.jpg,6264.3480803848615
OOE9Bhk18RPZIL3O1OqH8g,Qiao Lin Hotpot - Chicago Downtown,qiao-lin-hotpot-chicago-downtown-chicago,4.6,168,$$$,"Hot Pot, Chinese","210 E Illinois St, Chicago, IL 60611",Chicago,IL,60611,US,+13122852166,(312) 285-2166,False,https://www.yelp.com/biz/qiao-lin-hotpot-chicago-downtown-chicago?adjust_creative=GWOCZh9-BmZxtdsAjr7Gug&utm_campaign=yelp_api_v3&utm_medium=api_v3_business_search&utm_source=GWOCZh9-BmZxtdsAjr7Gug,https://s3-media0.fl.yelpcdn.com/bphoto/v_RfRzxLf5L6bcOe91f_qg/o.jpg,4851.69019791708
LnVv3v3uYa7g9MzqzII6tA,Provare,provare-chicago,4.3,442,$$$,"Cajun/Creole, Italian, Cocktail Bars","1523 W Chicago Ave, Chicago, IL 60642",Chicago,IL,60642,US,+13129880943,(312) 988-0943,False,https://www.yelp.com/biz/provare-chicago?adjust_creative=GWOCZh9-BmZxtdsAjr7Gug&utm_campaign=yelp_api_v3&utm_medium=api_v3_business_search&utm_source=GWOCZh9-BmZxtdsAjr7Gug,https://s3-media0.fl.yelpcdn.com/bphoto/vHz0WPg-k66oJu1xsSAHtg/o.jpg,1414.8113723442366
sWYRaPCYHrTxsZPLWmzkzQ,Scofflaw,scofflaw-chicago,4.3,865,$$$,"New American, Cocktail Bars","3201 W Armitage Ave, Chicago, IL 60647",Chicago,IL,60647,US,+17732529700,(773) 252-9700,False,https://www.yelp.com/biz/scofflaw-chicago?adjust_creative=GWOCZh9-BmZxtdsAjr7Gug&utm_campaign=yelp_api_v3&utm_medium=api_v3_business_search&utm_source=GWOCZh9-BmZxtdsAjr7Gug,https://s3-media0.fl.yelpcdn.com/bphoto/0puz-l7yNvCXlA3ZdU24kg/o.jpg,2780.9067156385513
0B0drAinOYAUbNA1soK6zA,Copper Club,copper-club-chicago,4.3,26,No especificado,"Brasseries, Breakfast & Brunch","70 W Madison St, Chicago, IL 60602",Chicago,IL,60602,US,+13122651867,(312) 265-1867,False,https://www.yelp.com/biz/copper-club-chicago?adjust_creative=GWOCZh9-BmZxtdsAjr7Gug&utm_campaign=yelp_api_v3&utm_medium=api_v3_business_search&utm_source=GWOCZh9-BmZxtdsAjr7Gug,https://s3-media0.fl.yelpcdn.com/bphoto/UiTH8QFxNlpm1tWr5u4W4w/o.jpg,4697.48219476882
fgvHPmFQW-nSdhj8iBAgwQ,The Lanzaga,the-lanzaga-chicago,4.8,65,$$,"Latin American, Breakfast & Brunch","3736 North Broadway, Chicago, IL 60613",Chicago,IL,60613,US,+17732003303,(773) 200-3303,False,https://www.yelp.com/biz/the-lanzaga-chicago?adjust_creative=GWOCZh9-BmZxtdsAjr7Gug&utm_campaign=yelp_api_v3&utm_medium=api_v3_business_search&utm_source=GWOCZh9-BmZxtdsAjr7Gug,https://s3-media0.fl.yelpcdn.com/bphoto/vlpeyGMKhZyenmPRMzejMw/o.jpg,5523.149114838467
TODU-IzDLN3EdiHhQUQHvg,The Soul Food Lounge,the-soul-food-lounge-chicago,4.6,369,$$$,"Soul Food, Comfort Food","3804 W 16th St, Chicago, IL 60623",Chicago,IL,60623,US,+17737990620,(773) 799-0620,False,https://www.yelp.com/biz/the-soul-food-lounge-chicago?adjust_creative=GWOCZh9-BmZxtdsAjr7Gug&utm_campaign=yelp_api_v3&utm_medium=api_v3_business_search&utm_source=GWOCZh9-BmZxtdsAjr7Gug,https://s3-media0.fl.yelpcdn.com/bphoto/aOsAIk2-YeczXyUzAfL3IA/o.jpg,6240.137224988925
cyqK8gatPIaOYNvwq4yprA,Olio e Più,olio-e-più-chicago-2,4.4,575,$$$,Italian,"445 N Dearborn St, Chicago, IL 60654",Chicago,IL,60654,US,+13123633335,(312) 363-3335,False,https://www.yelp.com/biz/olio-e-pi%C3%B9-chicago-2?adjust_creative=GWOCZh9-BmZxtdsAjr7Gug&utm_campaign=yelp_api_v3&utm_medium=api_v3_business_search&utm_source=GWOCZh9-BmZxtdsAjr7Gug,https://s3-media0.fl.yelpcdn.com/bphoto/R48tM6hZcm2poWzi29Y4JQ/o.jpg,4321.836371703315
eTDiXThHbw1FYNSGoeGB-Q,Cumin - Lakeview,cumin-lakeview-chicago,4.6,33,No especificado,"Indian, Himalayan/Nepalese","1039 W Belmont Ave, Chicago, IL 60657",Chicago,IL,60657,US,+17736879024,(773) 687-9024,False,https://www.yelp.com/biz/cumin-lakeview-chicago?adjust_creative=GWOCZh9-BmZxtdsAjr7Gug&utm_campaign=yelp_api_v3&utm_medium=api_v3_business_search&utm_source=GWOCZh9-BmZxtdsAjr7Gug,https://s3-media0.fl.yelpcdn.com/bphoto/krppYAga5bA2HmJRPc-K3Q/o.jpg,4240.141433416346
ufxKkcPhjlF4x2C1Or8ckA,Lowcountry Lakeview,lowcountry-lakeview-chicago,4.4,725,$$$,"Cajun/Creole, Seafood, Desserts","3343 N Clark St, Chicago, IL 60657",Chicago,IL,60657,US,+13128666161,(312) 866-6161,False,https://www.yelp.com/biz/lowcountry-lakeview-chicago?adjust_creative=GWOCZh9-BmZxtdsAjr7Gug&utm_campaign=yelp_api_v3&utm_medium=api_v3_business_search&utm_source=GWOCZh9-BmZxtdsAjr7Gug,https://s3-media0.fl.yelpcdn.com/bphoto/s6LsNk8sE-XFzJVGdqepNg/o.jpg,4667.254124363335
IqJKz6-IBIbcfUcotMXO8Q,Cafe Istanbul,cafe-istanbul-chicago-4,4.5,359,$$,"Turkish, Mediterranean","2014 W Division St, Chicago, IL 60622",Chicago,IL,60622,US,+17736619487,(773) 661-9487,False,https://www.yelp.com/biz/cafe-istanbul-chicago-4?adjust_creative=GWOCZh9-BmZxtdsAjr7Gug&utm_campaign=yelp_api_v3&utm_medium=api_v3_business_search&utm_source=GWOCZh9-BmZxtdsAjr7Gug,https://s3-media0.fl.yelpcdn.com/bphoto/p9ItsZSsPz7hILRYWkteZQ/o.jpg,196.30508907176466
NMhq1mBTxwmvxzmUB9BbrA,Taste of Japan,taste-of-japan-chicago,4.7,20,No especificado,"Sushi Bars, Japanese Curry, Ramen","201 N Wells St, Chicago, IL 60606",Chicago,IL,60606,US,+13125889818,(312) 588-9818,False,https://www.yelp.com/biz/taste-of-japan-chicago?adjust_creative=GWOCZh9-BmZxtdsAjr7Gug&utm_campaign=yelp_api_v3&utm_medium=api_v3_business_search&utm_source=GWOCZh9-BmZxtdsAjr7Gug,https://s3-media0.fl.yelpcdn.com/bphoto/uVZTPYgRKDDk0oLnQqbqzw/o.jpg,4228.748153755794
0Zu5S3zJvLC1Ve7kGAttDQ,Bárbaro Taquería,bárbaro-taquería-chicago,4.5,205,$$,"Mexican, Cocktail Bars","2525 W North Ave, Chicago, IL 60647",Chicago,IL,60647,US,+17736978913,(773) 697-8913,False,https://www.yelp.com/biz/b%C3%A1rbaro-taquer%C3%ADa-chicago?adjust_creative=GWOCZh9-BmZxtdsAjr7Gug&utm_campaign=yelp_api_v3&utm_medium=api_v3_business_search&utm_source=GWOCZh9-BmZxtdsAjr7Gug,https://s3-media0.fl.yelpcdn.com/bphoto/00W6gWPyILBBvIfVO_QnIA/o.jpg,1197.9416620227983
8wARj6QqmnSkUqLwoBCn7w,Gibsons Italia,gibsons-italia-chicago-2,4.3,1043,$$$,"Steakhouses, Italian, Seafood","233 N Canal St, Chicago, IL 60606",Chicago,IL,60606,US,+13124141100,(312) 414-1100,False,https://www.yelp.com/biz/gibsons-italia-chicago-2?adjust_creative=GWOCZh9-BmZxtdsAjr7Gug&utm_campaign=yelp_api_v3&utm_medium=api_v3_business_search&utm_source=GWOCZh9-BmZxtdsAjr7Gug,https://s3-media0.fl.yelpcdn.com/bphoto/VF-gbJjGBkBYsBcc85i0Bg/o.jpg,3779.107922996089
yHp_qrNBnx6CmoN3RkdDLw,Mano A Mano,mano-a-mano-chicago-2,4.2,61,No especificado,"Coffee & Tea, Italian, Wine Bars","2534 N Milwaukee Ave, Chicago, IL 60647",Chicago,IL,60647,US,,,False,https://www.yelp.com/biz/mano-a-mano-chicago-2?adjust_creative=GWOCZh9-BmZxtdsAjr7Gug&utm_campaign=yelp_api_v3&utm_medium=api_v3_business_search&utm_source=GWOCZh9-BmZxtdsAjr7Gug,https://s3-media0.fl.yelpcdn.com/bphoto/6zbF81ecWABT7-PNrfq_9g/o.jpg,3313.263840717102
Yc_VAHPXcl_h2CeEr_XfkQ,Bolivar & Lincoln Venezuelan Cafe,bolivar-and-lincoln-venezuelan-cafe-chicago,4.8,271,No especificado,"Cafes, Venezuelan","3349 N Sheffield Ave, Chicago, IL 60657",Chicago,IL,60657,US,+13129981735,(312) 998-1735,False,https://www.yelp.com/biz/bolivar-and-lincoln-venezuelan-cafe-chicago?adjust_creative=GWOCZh9-BmZxtdsAjr7Gug&utm_campaign=yelp_api_v3&utm_medium=api_v3_business_search&utm_source=GWOCZh9-BmZxtdsAjr7Gug,https://s3-media0.fl.yelpcdn.com/bphoto/507UhGiCX5NJoEgDb8N5Lg/o.jpg,4654.839678691749
aYZRtERMrFsmTIWXkl9bhw,Acerra Italian Kitchen & Bar,acerra-italian-kitchen-and-bar-chicago,4.1,12,No especificado,"Italian, Bars","2101 W North Ave, Chicago, IL 60622",Chicago,IL,60622,US,,,False,https://www.yelp.com/biz/acerra-italian-kitchen-and-bar-chicago?adjust_creative=GWOCZh9-BmZxtdsAjr7Gug&utm_campaign=yelp_api_v3&utm_medium=api_v3_business_search&utm_source=GWOCZh9-BmZxtdsAjr7Gug,https://s3-media0.fl.yelpcdn.com/bphoto/qhI1yN3rQLsc17t89mABjg/o.jpg,596.5471270790792
TC8tG6To87DUzC365njvXw,River Roast,river-roast-chicago-3,4.0,1370,$$$,"American, Cocktail Bars, Venues & Event Spaces","315 N La Salle Dr, Chicago, IL 60654",Chicago,IL,60654,US,+13128220100,(312) 822-0100,False,https://www.yelp.com/biz/river-roast-chicago-3?adjust_creative=GWOCZh9-BmZxtdsAjr7Gug&utm_campaign=yelp_api_v3&utm_medium=api_v3_business_search&utm_source=GWOCZh9-BmZxtdsAjr7Gug,https://s3-media0.fl.yelpcdn.com/bphoto/hGkhJkn2cl-NUM6DGc5OrA/o.jpg,4226.172502045457
XOLX_XVqY776i6PyIHp_6Q,The Warbler,the-warbler-chicago-2,4.4,556,$$,"Pasta Shops, Chicken Wings, Sandwiches","4535 N Lincoln Ave, Chicago, IL 60625",Chicago,IL,60625,US,+17736810950,(773) 681-0950,False,https://www.yelp.com/biz/the-warbler-chicago-2?adjust_creative=GWOCZh9-BmZxtdsAjr7Gug&utm_campaign=yelp_api_v3&utm_medium=api_v3_business_search&utm_source=GWOCZh9-BmZxtdsAjr7Gug,https://s3-media0.fl.yelpcdn.com/bphoto/D35-x6bzj6EA6h0iA0FoOA/o.jpg,6587.819115668011
VIV1fLOzjtzBeQwJBPIN2w,Lone Owl Pub,lone-owl-pub-chicago,4.3,50,No especificado,"Cocktail Bars, Lounges, Burgers","1547 N Milwaukee Ave, Chicago, IL 60622",Chicago,IL,60622,US,+17737720990,(773) 772-0990,False,https://www.yelp.com/biz/lone-owl-pub-chicago?adjust_creative=GWOCZh9-BmZxtdsAjr7Gug&utm_campaign=yelp_api_v3&utm_medium=api_v3_business_search&utm_source=GWOCZh9-BmZxtdsAjr7Gug,https://s3-media0.fl.yelpcdn.com/bphoto/q6rizOu3gKjYd2wCL7G3Sg/o.jpg,520.1401482514212
5rm_mYQmcqTzLqGeCme8bg,Tala House,tala-house-chicago,4.7,81,No especificado,"American, New American, Seafood","5022 N Clark St, Chicago, IL 60640",Chicago,IL,60640,US,+17737399414,(773) 739-9414,False,https://www.yelp.com/biz/tala-house-chicago?adjust_creative=GWOCZh9-BmZxtdsAjr7Gug&utm_campaign=yelp_api_v3&utm_medium=api_v3_business_search&utm_source=GWOCZh9-BmZxtdsAjr7Gug,https://s3-media0.fl.yelpcdn.com/bphoto/gB2jkVdZx7UkrcVpmBT_mA/o.jpg,7593.6079173127555
fDpryalBDQhHoll8UKRaXw,Way Out,way-out-chicago,4.6,36,No especificado,"Chicken Wings, Cocktail Bars","3213 W Armitage Ave, Chicago, IL 60617",Chicago,IL,60617,US,+17737998750,(773) 799-8750,False,https://www.yelp.com/biz/way-out-chicago?adjust_creative=GWOCZh9-BmZxtdsAjr7Gug&utm_campaign=yelp_api_v3&utm_medium=api_v3_business_search&utm_source=GWOCZh9-BmZxtdsAjr7Gug,https://s3-media0.fl.yelpcdn.com/bphoto/JKDQKi62K2cc3Pow6Ii70w/o.jpg,2808.874290683997
_Cfa97PQmir4cBddanCkbQ,La Serre,la-serre-chicago,4.2,137,$$$$,"French, Mediterranean","307 N Green St, Chicago, IL 60607",Chicago,IL,60607,US,+13125001128,(312) 500-1128,False,https://www.yelp.com/biz/la-serre-chicago?adjust_creative=GWOCZh9-BmZxtdsAjr7Gug&utm_campaign=yelp_api_v3&utm_medium=api_v3_business_search&utm_source=GWOCZh9-BmZxtdsAjr7Gug,https://s3-media0.fl.yelpcdn.com/bphoto/xZW_7yCMo7jDEakiMRtUsA/o.jpg,3156.4613991992082
LYppbvgJlBG0SqjSKFiFGg,Sapori Trattoria,sapori-trattoria-chicago,4.4,3011,$$$,"Italian, Desserts, Cocktail Bars","2701 N Halsted St, Chicago, IL 60614",Chicago,IL,60614,US,+17738329999,(773) 832-9999,False,https://www.yelp.com/biz/sapori-trattoria-chicago?adjust_creative=GWOCZh9-BmZxtdsAjr7Gug&utm_campaign=yelp_api_v3&utm_medium=api_v3_business_search&utm_source=GWOCZh9-BmZxtdsAjr7Gug,https://s3-media0.fl.yelpcdn.com/bphoto/AicJhqa0W6ZPgP41Rz6WNw/o.jpg,3800.1509743364372
2Oi105ekJSsbFde25kuSXQ,Shang Noodle - Chicago,shang-noodle-chicago-chicago,4.3,427,$$,"Chinese, Noodles","215 E Grand Ave, Chicago, IL 60611",Chicago,IL,60611,US,+13122852218,(312) 285-2218,False,https://www.yelp.com/biz/shang-noodle-chicago-chicago?adjust_creative=GWOCZh9-BmZxtdsAjr7Gug&utm_campaign=yelp_api_v3&utm_medium=api_v3_business_search&utm_source=GWOCZh9-BmZxtdsAjr7Gug,https://s3-media0.fl.yelpcdn.com/bphoto/MPn8mm4zfP4eDCGVuvWRJA/o.jpg,4854.758381163953
0HjCj_IX5qniyjHklHrnRQ,To Korean Cuisine,to-korean-cuisine-chicago,4.9,12,No especificado,Korean,"3108 N Broadway, Chicago, IL 60657",Chicago,IL,60657,US,+17733608036,(773) 360-8036,False,https://www.yelp.com/biz/to-korean-cuisine-chicago?adjust_creative=GWOCZh9-BmZxtdsAjr7Gug&utm_campaign=yelp_api_v3&utm_medium=api_v3_business_search&utm_source=GWOCZh9-BmZxtdsAjr7Gug,https://s3-media0.fl.yelpcdn.com/bphoto/yaNvh-cYejk6aTLwsETOlQ/o.jpg,4564.019709718587
0o0OGLHAWMfDXNuu4gQ58w,Avaspi,avaspi-chicago,4.8,78,No especificado,"Salad, Cocktail Bars, Mediterranean","1258 W Belmont Ave, Chicago, IL 60657",Chicago,IL,60657,US,+17737201297,(773) 720-1297,False,https://www.yelp.com/biz/avaspi-chicago?adjust_creative=GWOCZh9-BmZxtdsAjr7Gug&utm_campaign=yelp_api_v3&utm_medium=api_v3_business_search&utm_source=GWOCZh9-BmZxtdsAjr7Gug,https://s3-media0.fl.yelpcdn.com/bphoto/yBPbXISW57hbrImXD7W1Lg/o.jpg,4096.423510649343
QYqcNmX-jKY1xPrtV85L3Q,Aztec Dave's Cantina,aztec-daves-cantina-chicago,4.5,95,No especificado,"Cocktail Bars, Mexican, Breakfast & Brunch","1143 N California Ave, Chicago, IL 60622",Chicago,IL,60622,US,+17737998644,(773) 799-8644,False,https://www.yelp.com/biz/aztec-daves-cantina-chicago?adjust_creative=GWOCZh9-BmZxtdsAjr7Gug&utm_campaign=yelp_api_v3&utm_medium=api_v3_business_search&utm_source=GWOCZh9-BmZxtdsAjr7Gug,https://s3-media0.fl.yelpcdn.com/bphoto/mwv4aA_TW4BzpD7GIHKzfw/o.jpg,1593.030518420216
hSyccdYINhewDUEu9jafZQ,Bar Parisette,bar-parisette-chicago,4.5,28,No especificado,"Wine Bars, French, New American","2829 W Armitage Ave, Chicago, IL 60647",Chicago,IL,60647,US,+13129550072,(312) 955-0072,False,https://www.yelp.com/biz/bar-parisette-chicago?adjust_creative=GWOCZh9-BmZxtdsAjr7Gug&utm_campaign=yelp_api_v3&utm_medium=api_v3_business_search&utm_source=GWOCZh9-BmZxtdsAjr7Gug,https://s3-media0.fl.yelpcdn.com/bphoto/VFSEaJ4VfW7wLPEkAOqFDw/o.jpg,2177.801035530371
LaYrGWnZazWsc3xi1sTYfw,Arbella,arbella-chicago,4.4,670,$$,"Tapas/Small Plates, Cocktail Bars, New American","112 W Grand Ave, Chicago, IL 60654",Chicago,IL,60654,US,+13128466654,(312) 846-6654,False,https://www.yelp.com/biz/arbella-chicago?adjust_creative=GWOCZh9-BmZxtdsAjr7Gug&utm_campaign=yelp_api_v3&utm_medium=api_v3_business_search&utm_source=GWOCZh9-BmZxtdsAjr7Gug,https://s3-media0.fl.yelpcdn.com/bphoto/SpZvLxS15SJmKaFBFVHt-g/o.jpg,4075.041907907034
tzP7xNT7OokI6JKgtINTlA,Antico,antico-chicago,4.4,286,$$$,Italian,"1946 N Leavitt St, Chicago, IL 60647",Chicago,IL,60647,US,+17734894895,(773) 489-4895,False,https://www.yelp.com/biz/antico-chicago?adjust_creative=GWOCZh9-BmZxtdsAjr7Gug&utm_campaign=yelp_api_v3&utm_medium=api_v3_business_search&utm_source=GWOCZh9-BmZxtdsAjr7Gug,https://s3-media0.fl.yelpcdn.com/bphoto/cXfQoAmYnCoUUb427BNO2w/o.jpg,1418.3613563588503
ZbXgwfVDjb2tz08FGWmSAA,Folklore Argentine Grill,folklore-argentine-grill-chicago,3.9,838,$$,"Argentine, Steakhouses, Comfort Food","2100 W Division St, Chicago, IL 60622",Chicago,IL,60622,US,+17732921600,(773) 292-1600,False,https://www.yelp.com/biz/folklore-argentine-grill-chicago?adjust_creative=GWOCZh9-BmZxtdsAjr7Gug&utm_campaign=yelp_api_v3&utm_medium=api_v3_business_search&utm_source=GWOCZh9-BmZxtdsAjr7Gug,https://s3-media0.fl.yelpcdn.com/bphoto/lEI5JGiwFdUd8kVAzlx22Q/o.jpg,277.97835985848485
VWeNF7HWLNPiXF-cKu4kDg,Segnatore,segnatore-chicago,4.3,136,No especificado,Italian,"1001 N California Ave, Chicago, IL 60622",Chicago,IL,60622,US,+17736979687,(773) 697-9687,False,https://www.yelp.com/biz/segnatore-chicago?adjust_creative=GWOCZh9-BmZxtdsAjr7Gug&utm_campaign=yelp_api_v3&utm_medium=api_v3_business_search&utm_source=GWOCZh9-BmZxtdsAjr7Gug,https://s3-media0.fl.yelpcdn.com/bphoto/w5cQa8kOc7gGS5ephkcjLA/o.jpg,1682.1930106924913
niJ9e7qd8TNYSrUMcn7UEg,Pilot Project Brewing,pilot-project-brewing-chicago-7,4.8,6,No especificado,"Breweries, Cocktail Bars, Asian Fusion","3473 N Clark St, Chicago, IL 60657",Chicago,IL,60657,US,+17737703779,(773) 770-3779,False,https://www.yelp.com/biz/pilot-project-brewing-chicago-7?adjust_creative=GWOCZh9-BmZxtdsAjr7Gug&utm_campaign=yelp_api_v3&utm_medium=api_v3_business_search&utm_source=GWOCZh9-BmZxtdsAjr7Gug,https://s3-media0.fl.yelpcdn.com/bphoto/9TmrPtEL1mkUcpzYRd3klg/o.jpg,4860.666219104933
B_04jjMZjeGGKjaPcR3Kig,Three Dots and A Dash,three-dots-and-a-dash-chicago,4.1,4119,$$$,"Asian Fusion, Tiki Bars","435 N Clark St, Back alley on Hubbard St, Chicago, IL 60654",Chicago,IL,60654,US,+13126104220,(312) 610-4220,False,https://www.yelp.com/biz/three-dots-and-a-dash-chicago?adjust_creative=GWOCZh9-BmZxtdsAjr7Gug&utm_campaign=yelp_api_v3&utm_medium=api_v3_business_search&utm_source=GWOCZh9-BmZxtdsAjr7Gug,https://s3-media0.fl.yelpcdn.com/bphoto/oDj0rfl6yoTfg5KZql1Fdw/o.jpg,4231.7663526023925
zH7lgLLw0FVfA6HrwV4pTw,S.K.Y.,s-k-y-chicago-5,4.5,762,$$$,"New American, Cocktail Bars, Wine Bars","2300 N Lincoln Park W, Chicago, IL 60614",Chicago,IL,60614,US,+13128461077,(312) 846-1077,False,https://www.yelp.com/biz/s-k-y-chicago-5?adjust_creative=GWOCZh9-BmZxtdsAjr7Gug&utm_campaign=yelp_api_v3&utm_medium=api_v3_business_search&utm_source=GWOCZh9-BmZxtdsAjr7Gug,https://s3-media0.fl.yelpcdn.com/bphoto/1b_3FhANV5-s3u5p8e25og/o.jpg,3991.529264991652
XWodOV8dW4WlK2XB3j6JnA,Chef’s Special Cocktail Bar,chef-s-special-cocktail-bar-chicago,4.4,310,No especificado,"Cocktail Bars, Chinese, Seafood","2165 N Western Ave, Chicago, IL 60647",Chicago,IL,60647,US,+17736665143,(773) 666-5143,False,https://www.yelp.com/biz/chef-s-special-cocktail-bar-chicago?adjust_creative=GWOCZh9-BmZxtdsAjr7Gug&utm_campaign=yelp_api_v3&utm_medium=api_v3_business_search&utm_source=GWOCZh9-BmZxtdsAjr7Gug,https://s3-media0.fl.yelpcdn.com/bphoto/ra5itZFIVwZWnKeXaOEpVw/o.jpg,1995.1975046857435
ej4_eY_5j3qnOAbOqn3f8g,Yardbird,yardbird-chicago,3.8,418,$$,"New American, Southern, Cocktail Bars","530 N Wabash Ave, Chicago, IL 60654",Chicago,IL,60654,US,+13129999760,(312) 999-9760,False,https://www.yelp.com/biz/yardbird-chicago?adjust_creative=GWOCZh9-BmZxtdsAjr7Gug&utm_campaign=yelp_api_v3&utm_medium=api_v3_business_search&utm_source=GWOCZh9-BmZxtdsAjr7Gug,https://s3-media0.fl.yelpcdn.com/bphoto/sldxYqXRmoiOYTBTKcBItg/o.jpg,4447.132566582171
soRFbCCBxvunxaLNTs7aIQ,Italian Homemade Company,italian-homemade-company-chicago,4.7,112,$$,"Pasta Shops, Italian, Piadina","947 W Fulton Market St, Chicago, IL 60607",Chicago,IL,60607,US,+13122650697,(312) 265-0697,False,https://www.yelp.com/biz/italian-homemade-company-chicago?adjust_creative=GWOCZh9-BmZxtdsAjr7Gug&utm_campaign=yelp_api_v3&utm_medium=api_v3_business_search&utm_source=GWOCZh9-BmZxtdsAjr7Gug,https://s3-media0.fl.yelpcdn.com/bphoto/m7oqWyMJ1jtZdKmlzwvgeA/o.jpg,2978.207361588907
OSyGZMwCI9w_0BbQtH-kCw,Duck Duck Goat,duck-duck-goat-chicago,4.1,2089,$$$,Chinese,"857 W Fulton Market, Chicago, IL 60607",Chicago,IL,60607,US,+13129023825,(312) 902-3825,False,https://www.yelp.com/biz/duck-duck-goat-chicago?adjust_creative=GWOCZh9-BmZxtdsAjr7Gug&utm_campaign=yelp_api_v3&utm_medium=api_v3_business_search&utm_source=GWOCZh9-BmZxtdsAjr7Gug,https://s3-media0.fl.yelpcdn.com/bphoto/B-9g9Mgdy6TCJv7NeRgwFA/o.jpg,3109.3994242720555
HmzdlrpNM4hS27BJ-YRNiw,Bayan Ko,bayan-ko-chicago,4.4,227,$$,"Cuban, Filipino, Diners","1810 W Montrose Ave, Chicago, IL 60613",Chicago,IL,60613,US,+17736986373,(773) 698-6373,False,https://www.yelp.com/biz/bayan-ko-chicago?adjust_creative=GWOCZh9-BmZxtdsAjr7Gug&utm_campaign=yelp_api_v3&utm_medium=api_v3_business_search&utm_source=GWOCZh9-BmZxtdsAjr7Gug,https://s3-media0.fl.yelpcdn.com/bphoto/1_n4WJ8oOlZ6wCFgnZxzpA/o.jpg,6272.8372286104595
fOSxmKNFkeq8H54Ve1O3bQ,Lil Ba-Ba-Reeba!,lil-ba-ba-reeba-chicago,4.4,305,$$$,"Seafood, Tapas/Small Plates","441 N Clark St, Chicago, IL 60654",Chicago,IL,60654,US,+13129856909,(312) 985-6909,False,https://www.yelp.com/biz/lil-ba-ba-reeba-chicago?adjust_creative=GWOCZh9-BmZxtdsAjr7Gug&utm_campaign=yelp_api_v3&utm_medium=api_v3_business_search&utm_source=GWOCZh9-BmZxtdsAjr7Gug,https://s3-media0.fl.yelpcdn.com/bphoto/PjYiouizIOeSyO6jZAoZpA/o.jpg,4223.326970658023
R5yWov8x3eswu_gWWVhfww,Torchio Pasta Bar,torchio-pasta-bar-chicago,4.5,426,$$,Italian,"738 N Wells St, Chicago, IL 60654",Chicago,IL,60654,US,+13126430543,(312) 643-0543,False,https://www.yelp.com/biz/torchio-pasta-bar-chicago?adjust_creative=GWOCZh9-BmZxtdsAjr7Gug&utm_campaign=yelp_api_v3&utm_medium=api_v3_business_search&utm_source=GWOCZh9-BmZxtdsAjr7Gug,https://s3-media0.fl.yelpcdn.com/bphoto/2c2xxj6YcNh7LQILZoO97A/o.jpg,3736.9026064027917
zFbAbx4GJfu1GByUG6rDOw,La Grande Boucherie,la-grande-boucherie-chicago-3,4.4,526,$$$,"Steakhouses, French, Cocktail Bars","431 N Dearborn St, Chicago, IL 60654",Chicago,IL,60654,US,+13126243014,(312) 624-3014,False,https://www.yelp.com/biz/la-grande-boucherie-chicago-3?adjust_creative=GWOCZh9-BmZxtdsAjr7Gug&utm_campaign=yelp_api_v3&utm_medium=api_v3_business_search&utm_source=GWOCZh9-BmZxtdsAjr7Gug,https://s3-media0.fl.yelpcdn.com/bphoto/Dkm61x578EMTc7CptGwozg/o.jpg,4335.1918228734885
eWEfgeuMkGjC-yeV7dXArw,"Monarch & Lion, A British Restaurant",monarch-and-lion-chicago-3,4.1,212,No especificado,"British, Fish & Chips, Indian","302 E Illinois St, Chicago, IL 60611",Chicago,IL,60611,US,+13129732623,(312) 973-2623,False,https://www.yelp.com/biz/monarch-and-lion-chicago-3?adjust_creative=GWOCZh9-BmZxtdsAjr7Gug&utm_campaign=yelp_api_v3&utm_medium=api_v3_business_search&utm_source=GWOCZh9-BmZxtdsAjr7Gug,https://s3-media0.fl.yelpcdn.com/bphoto/bxGMuU2_Q2LGf7pJ0AqH3w/o.jpg,5031.6487625706
Xt75l3uhbczQeEvLyXVJfA,The Loyalist,the-loyalist-chicago-3,4.0,675,$$,"New American, Cocktail Bars, Venues & Event Spaces","177 N Ada St, Ste 001, Chicago, IL 60607",Chicago,IL,60607,US,+17739133774,(773) 913-3774,False,https://www.yelp.com/biz/the-loyalist-chicago-3?adjust_creative=GWOCZh9-BmZxtdsAjr7Gug&utm_campaign=yelp_api_v3&utm_medium=api_v3_business_search&utm_source=GWOCZh9-BmZxtdsAjr7Gug,https://s3-media0.fl.yelpcdn.com/bphoto/XpS5ExlGXu9h9lcNJw5Vng/o.jpg,2644.178928664509
at9kUR0H_UzkjEChNHTGmw,Medi Kitchen & Cocktail,medi-kitchen-and-cocktail-chicago,4.4,162,No especificado,"Mediterranean, Cocktail Bars","2138 N Halsted, Chicago, IL 60614",Chicago,IL,60614,US,+17738571025,(773) 857-1025,False,https://www.yelp.com/biz/medi-kitchen-and-cocktail-chicago?adjust_creative=GWOCZh9-BmZxtdsAjr7Gug&utm_campaign=yelp_api_v3&utm_medium=api_v3_business_search&utm_source=GWOCZh9-BmZxtdsAjr7Gug,https://s3-media0.fl.yelpcdn.com/bphoto/QLNjsNxWbosGl6Ii35W5sw/o.jpg,2967.42553240066
TFqM5xDgJTLd6AQNMxNkwg,Bereket Turkish Mediterranean Restaurant,bereket-turkish-mediterranean-restaurant-chicago,4.6,211,$$,Mediterranean,"333 South Franklin, Chicago, IL 60606",Chicago,IL,60606,US,+13125003663,(312) 500-3663,False,https://www.yelp.com/biz/bereket-turkish-mediterranean-restaurant-chicago?adjust_creative=GWOCZh9-BmZxtdsAjr7Gug&utm_campaign=yelp_api_v3&utm_medium=api_v3_business_search&utm_source=GWOCZh9-BmZxtdsAjr7Gug,https://s3-media0.fl.yelpcdn.com/bphoto/EEY1FwhhJGsrX_xt008cMg/o.jpg,4728.769571071456
pbEiXam9YJL3neCYHGwLUA,Alinea,alinea-chicago,4.4,2731,$$$$,"New American, Modern European","1723 N Halsted St, Chicago, IL 60614",Chicago,IL,60614,US,+13128670110,(312) 867-0110,False,https://www.yelp.com/biz/alinea-chicago?adjust_creative=GWOCZh9-BmZxtdsAjr7Gug&utm_campaign=yelp_api_v3&utm_medium=api_v3_business_search&utm_source=GWOCZh9-BmZxtdsAjr7Gug,https://s3-media0.fl.yelpcdn.com/bphoto/yUcTqgVYgiaMoRmZy2QVgQ/o.jpg,2604.2347792583564
ZZEDo3gWa9W6r7Cef9p1tA,Parachute Hi Fi,parachute-hi-fi-chicago,4.5,27,No especificado,Korean,"3500 N Elston Ave, Chicago, IL 60618",Chicago,IL,60618,US,,,False,https://www.yelp.com/biz/parachute-hi-fi-chicago?adjust_creative=GWOCZh9-BmZxtdsAjr7Gug&utm_campaign=yelp_api_v3&utm_medium=api_v3_business_search&utm_source=GWOCZh9-BmZxtdsAjr7Gug,https://s3-media0.fl.yelpcdn.com/bphoto/P-Ere1F5A7XK0Q9TC6z-EA/o.jpg,5003.7375472954145
YbLA3uRpvBzIf4oJ352ZVQ,Ada Street,ada-street-chicago,4.3,609,$$$,"Bars, American","1664 N Ada St, Chicago, IL 60642",Chicago,IL,60642,US,+17732341753,(773) 234-1753,False,https://www.yelp.com/biz/ada-street-chicago?adjust_creative=GWOCZh9-BmZxtdsAjr7Gug&utm_campaign=yelp_api_v3&utm_medium=api_v3_business_search&utm_source=GWOCZh9-BmZxtdsAjr7Gug,https://s3-media0.fl.yelpcdn.com/bphoto/epQcd0uWuZ52kpnyHqjtFw/o.jpg,1507.9428756637287
xoMP81mJ2ZtS87pZ3SmvQg,Pompette,pompette-chicago,4.3,85,No especificado,"Wine Bars, Cafes","1960 N Damen Ave, Chicago, IL 60647",Chicago,IL,60647,US,+17737998072,(773) 799-8072,False,https://www.yelp.com/biz/pompette-chicago?adjust_creative=GWOCZh9-BmZxtdsAjr7Gug&utm_campaign=yelp_api_v3&utm_medium=api_v3_business_search&utm_source=GWOCZh9-BmZxtdsAjr7Gug,https://s3-media0.fl.yelpcdn.com/bphoto/bA0Yw2eBtCU9U_5OW1EMNA/o.jpg,1374.5832528080396
_wtMT97gelNAyfI82FPFvA,3 Arts Club Cafe at RH Chicago,3-arts-club-cafe-chicago-10,4.4,1684,$$$,"Cafes, Salad, New American","1300 N Dearborn St, Chicago, IL 60610",Chicago,IL,60610,US,+13124759116,(312) 475-9116,False,https://www.yelp.com/biz/3-arts-club-cafe-chicago-10?adjust_creative=GWOCZh9-BmZxtdsAjr7Gug&utm_campaign=yelp_api_v3&utm_medium=api_v3_business_search&utm_source=GWOCZh9-BmZxtdsAjr7Gug,https://s3-media0.fl.yelpcdn.com/bphoto/cKy_OvlYfbOB9VLGkioYxQ/o.jpg,3914.7804020386798
Bp1ZiZ8eNpBCC074oGk4ag,Szechuan Corner,szechuan-corner-chicago,4.3,80,No especificado,Szechuan,"2910 N Ashland Ave, Chicago, IL 60657",Chicago,IL,60657,US,+17737998586,(773) 799-8586,False,https://www.yelp.com/biz/szechuan-corner-chicago?adjust_creative=GWOCZh9-BmZxtdsAjr7Gug&utm_campaign=yelp_api_v3&utm_medium=api_v3_business_search&utm_source=GWOCZh9-BmZxtdsAjr7Gug,https://s3-media0.fl.yelpcdn.com/bphoto/udQ_8orBMpCGMDwlN3npVA/o.jpg,3315.674772464436
XVYWw6IHmSR8vthfE2W5kg,Umamicue,umamicue-chicago,4.5,12,No especificado,Pop-Up Restaurants,"2758 W Fullerton, Chicago, IL 60647",Chicago,IL,60647,US,,,False,https://www.yelp.com/biz/umamicue-chicago?adjust_creative=GWOCZh9-BmZxtdsAjr7Gug&utm_campaign=yelp_api_v3&utm_medium=api_v3_business_search&utm_source=GWOCZh9-BmZxtdsAjr7Gug,https://s3-media0.fl.yelpcdn.com/bphoto/-sXWueRTJ7byjRPb5ppQHw/o.jpg,2731.5067592141804
IWRIBBLks0c7EBCzEdnFsA,Doner 97,doner-97-chicago,4.7,36,No especificado,"German, Turkish, Salad","2435 N Clark St, Chicago, IL 60614",Chicago,IL,60614,US,+17736986324,(773) 698-6324,False,https://www.yelp.com/biz/doner-97-chicago?adjust_creative=GWOCZh9-BmZxtdsAjr7Gug&utm_campaign=yelp_api_v3&utm_medium=api_v3_business_search&utm_source=GWOCZh9-BmZxtdsAjr7Gug,https://s3-media0.fl.yelpcdn.com/bphoto/J6aacNXvoVt1LZdlFlxkhg/o.jpg,3864.567518915689
T1dv09OKSxmuitPVLXD5Aw,Serai,serai-chicago,4.7,6,$$,"Malaysian, Asian Fusion, Desserts","2142 N Clybourn Ave, Chicago, IL 60614",Chicago,IL,60614,US,+18722068368,(872) 206-8368,False,https://www.yelp.com/biz/serai-chicago?adjust_creative=GWOCZh9-BmZxtdsAjr7Gug&utm_campaign=yelp_api_v3&utm_medium=api_v3_business_search&utm_source=GWOCZh9-BmZxtdsAjr7Gug,https://s3-media0.fl.yelpcdn.com/bphoto/paj1XOEo4wUyuljzWwyjQA/o.jpg,2068.9456273891265
WBU0yq9J8qiYQfI_fh2P1Q,Crisp,crisp-chicago,4.3,3644,$$,"Korean, Chicken Wings","2940 N Broadway Ave, Chicago, IL 60657",Chicago,IL,60657,US,+17736977610,(773) 697-7610,False,https://www.yelp.com/biz/crisp-chicago?adjust_creative=GWOCZh9-BmZxtdsAjr7Gug&utm_campaign=yelp_api_v3&utm_medium=api_v3_business_search&utm_source=GWOCZh9-BmZxtdsAjr7Gug,https://s3-media0.fl.yelpcdn.com/bphoto/-cvYAt8Vlf2y_JvDyzwPqw/o.jpg,4401.590420388939
Q55HHOW09QoNI07dUXjn5A,Alpana,alpana-chicago,4.3,350,$$$,"New American, Wine Bars","831 N State St, Chicago, IL 60610",Chicago,IL,60610,US,+13126248055,(312) 624-8055,False,https://www.yelp.com/biz/alpana-chicago?adjust_creative=GWOCZh9-BmZxtdsAjr7Gug&utm_campaign=yelp_api_v3&utm_medium=api_v3_business_search&utm_source=GWOCZh9-BmZxtdsAjr7Gug,https://s3-media0.fl.yelpcdn.com/bphoto/saDyVIkwyp6SppPaMjI9Yw/o.jpg,4196.152555100047
EYjyi_lytYaM1Ty7-kNKSg,Phodega,phodega-chicago,4.3,363,$$,"Vietnamese, Hainan, Noodles","1924 W Division St, Chicago, IL 60622",Chicago,IL,60622,US,+17736878187,(773) 687-8187,False,https://www.yelp.com/biz/phodega-chicago?adjust_creative=GWOCZh9-BmZxtdsAjr7Gug&utm_campaign=yelp_api_v3&utm_medium=api_v3_business_search&utm_source=GWOCZh9-BmZxtdsAjr7Gug,https://s3-media0.fl.yelpcdn.com/bphoto/rDsx27fhZnZhjKPq8xV2wg/o.jpg,263.3516381790964
JgTf0nmG-nWiQmrHZ11-tg,Kindling Downtown Cookout & Cocktails,kindling-downtown-cookout-and-cocktails-chicago-2,4.0,156,$$$,"Desserts, Coffee & Tea, American","202 S Franklin St, Willis Tower, Chicago, IL 60606",Chicago,IL,60606,US,+13127895992,(312) 789-5992,False,https://www.yelp.com/biz/kindling-downtown-cookout-and-cocktails-chicago-2?adjust_creative=GWOCZh9-BmZxtdsAjr7Gug&utm_campaign=yelp_api_v3&utm_medium=api_v3_business_search&utm_source=GWOCZh9-BmZxtdsAjr7Gug,https://s3-media0.fl.yelpcdn.com/bphoto/MrYBTNVH8BTXg5hcmtJMng/o.jpg,4545.535667077582
HaX1xkisTWetyKUkuBAzzQ,Mother’s Ruin,mother-s-ruin-chicago,4.2,128,$$,"New American, Burgers, Cocktail Bars","2943 N Milwaukee Ave, Chicago, IL 60618",Chicago,IL,60618,US,,,False,https://www.yelp.com/biz/mother-s-ruin-chicago?adjust_creative=GWOCZh9-BmZxtdsAjr7Gug&utm_campaign=yelp_api_v3&utm_medium=api_v3_business_search&utm_source=GWOCZh9-BmZxtdsAjr7Gug,https://s3-media0.fl.yelpcdn.com/bphoto/lIyMost6yTW01pG13F9eOA/o.jpg,4604.069784057635
DwJwTn1MMhkUk6umLeM5MQ,Daebak,daebak-chicago,4.0,59,$$$,"Korean, Barbeque","1266 N Milwaukee Ave, Chicago, IL 60622",Chicago,IL,60622,US,+13127226923,(312) 722-6923,False,https://www.yelp.com/biz/daebak-chicago?adjust_creative=GWOCZh9-BmZxtdsAjr7Gug&utm_campaign=yelp_api_v3&utm_medium=api_v3_business_search&utm_source=GWOCZh9-BmZxtdsAjr7Gug,https://s3-media0.fl.yelpcdn.com/bphoto/RgV3VR_tpyfxUSLSRi06hg/o.jpg,729.5078213015676
PfGWWUxKf5w2Xpn-fuFmgQ,3 Little Pigs Chi,3-little-pigs-chi-chicago,4.6,396,No especificado,"Chinese, Barbeque, Chicken Shop","3336 N Milwaukee Ave, Chicago, IL 60641",Chicago,IL,60641,US,+13128833326,(312) 883-3326,False,https://www.yelp.com/biz/3-little-pigs-chi-chicago?adjust_creative=GWOCZh9-BmZxtdsAjr7Gug&utm_campaign=yelp_api_v3&utm_medium=api_v3_business_search&utm_source=GWOCZh9-BmZxtdsAjr7Gug,https://s3-media0.fl.yelpcdn.com/bphoto/glIPFkt5pHRf9t2dDKtEag/o.jpg,5834.147782603424
YrC3D7DVIQvGVFWBUQw4-w,Chef Ciccio Beef-Balls-Beer,chef-ciccio-beef-balls-beer-chicago-2,4.9,76,No especificado,"Italian, Sandwiches","600 E Grand Ave, Chicago, IL 60611",Chicago,IL,60611,US,+13128775639,(312) 877-5639,False,https://www.yelp.com/biz/chef-ciccio-beef-balls-beer-chicago-2?adjust_creative=GWOCZh9-BmZxtdsAjr7Gug&utm_campaign=yelp_api_v3&utm_medium=api_v3_business_search&utm_source=GWOCZh9-BmZxtdsAjr7Gug,https://s3-media0.fl.yelpcdn.com/bphoto/zocVnBGD2xp_Lo0KW65V2g/o.jpg,5926.901185690039
hP2L8k60R9er1VnzLHSlEA,Bayan Ko Diner,bayan-ko-diner-chicago-2,4.4,85,No especificado,"Cuban, Filipino","1810 W Montrose Ave, Chicago, IL 60613",Chicago,IL,60613,US,+17739153117,(773) 915-3117,False,https://www.yelp.com/biz/bayan-ko-diner-chicago-2?adjust_creative=GWOCZh9-BmZxtdsAjr7Gug&utm_campaign=yelp_api_v3&utm_medium=api_v3_business_search&utm_source=GWOCZh9-BmZxtdsAjr7Gug,https://s3-media0.fl.yelpcdn.com/bphoto/65Br2KC5xZ_l0a6-9A6t0A/o.jpg,6271.311265408968
ak3FYZOsEWeiP6Pdp74YkQ,Miru,miru-chicago,4.3,278,$$$,Japanese,"401 E Wacker Dr, Fl 11, Chicago, IL 60601",Chicago,IL,60601,US,+13127257811,(312) 725-7811,False,https://www.yelp.com/biz/miru-chicago?adjust_creative=GWOCZh9-BmZxtdsAjr7Gug&utm_campaign=yelp_api_v3&utm_medium=api_v3_business_search&utm_source=GWOCZh9-BmZxtdsAjr7Gug,https://s3-media0.fl.yelpcdn.com/bphoto/_rz-UbvEf5cRnSZ3yOf8VA/o.jpg,5355.008542962484
0A2CW3HjVUAI7zmjJH6RPg,Amici-Chicago,amici-chicago-chicago,4.7,81,No especificado,"Salad, Italian, Mexican","3933 N Broadway, Chicago, IL 60613",Chicago,IL,60613,US,+17739048492,(773) 904-8492,False,https://www.yelp.com/biz/amici-chicago-chicago?adjust_creative=GWOCZh9-BmZxtdsAjr7Gug&utm_campaign=yelp_api_v3&utm_medium=api_v3_business_search&utm_source=GWOCZh9-BmZxtdsAjr7Gug,https://s3-media0.fl.yelpcdn.com/bphoto/7q6945Lo-KtgM0i6mGM4kA/o.jpg,5864.0260970058225
IvPHql5UloizrbYL1zrEXg,KALA Modern Greek,kala-modern-greek-chicago-2,4.7,280,$$,"Greek, Salad, Sandwiches","2523 N Clark St, Chicago, IL 60614",Chicago,IL,60614,US,+17735606412,(773) 560-6412,False,https://www.yelp.com/biz/kala-modern-greek-chicago-2?adjust_creative=GWOCZh9-BmZxtdsAjr7Gug&utm_campaign=yelp_api_v3&utm_medium=api_v3_business_search&utm_source=GWOCZh9-BmZxtdsAjr7Gug,https://s3-media0.fl.yelpcdn.com/bphoto/BrnIcF91vR1vnm2mja4cXQ/o.jpg,3933.062379230881
Vw-Qn1Hg06h4yBUdDQCXyA,SUSHI-SAN,sushi-san-chicago,4.3,1206,$$$,"Sushi Bars, Japanese, Bars","63 W Grand Ave, Chicago, IL 60654",Chicago,IL,60654,US,+13128280575,(312) 828-0575,False,https://www.yelp.com/biz/sushi-san-chicago?adjust_creative=GWOCZh9-BmZxtdsAjr7Gug&utm_campaign=yelp_api_v3&utm_medium=api_v3_business_search&utm_source=GWOCZh9-BmZxtdsAjr7Gug,https://s3-media0.fl.yelpcdn.com/bphoto/hIHfcSxdn2ZMGBGfvT6kDA/o.jpg,4201.815925751943
g99KUgc6nWaWJmzRYc9SPQ,Chapel Street,chapel-street-chicago-2,4.0,32,No especificado,"Cafes, Australian, Beer Bar","198 E Delaware Pl, Chicago, IL 60611",Chicago,IL,60611,US,+13126206320,(312) 620-6320,False,https://www.yelp.com/biz/chapel-street-chicago-2?adjust_creative=GWOCZh9-BmZxtdsAjr7Gug&utm_campaign=yelp_api_v3&utm_medium=api_v3_business_search&utm_source=GWOCZh9-BmZxtdsAjr7Gug,https://s3-media0.fl.yelpcdn.com/bphoto/n7xt7gl_0111TbPAIFSevg/o.jpg,4630.726385515941
KZApzFOcsnOmK6dtGWy03Q,Pierogi Kitchen,pierogi-kitchen-chicago,4.5,104,$$,"Polish, Breakfast & Brunch, Cocktail Bars","1856 West North Ave, Chicago, IL 60622",Chicago,IL,60622,US,+17737998273,(773) 799-8273,False,https://www.yelp.com/biz/pierogi-kitchen-chicago?adjust_creative=GWOCZh9-BmZxtdsAjr7Gug&utm_campaign=yelp_api_v3&utm_medium=api_v3_business_search&utm_source=GWOCZh9-BmZxtdsAjr7Gug,https://s3-media0.fl.yelpcdn.com/bphoto/hzWtTN6izxFFYdATyv9o1w/o.jpg,650.3815673714689
RnR_zPbkVcG9G52hgYov_g,Maharaj Indian Grill,maharaj-indian-grill-chicago-2,4.5,267,$$,"Indian, Bars","333 S State St, Ste C 13, Chicago, IL 60604",Chicago,IL,60604,US,+13128775376,(312) 877-5376,False,https://www.yelp.com/biz/maharaj-indian-grill-chicago-2?adjust_creative=GWOCZh9-BmZxtdsAjr7Gug&utm_campaign=yelp_api_v3&utm_medium=api_v3_business_search&utm_source=GWOCZh9-BmZxtdsAjr7Gug,https://s3-media0.fl.yelpcdn.com/bphoto/r9U6S3k4GA958k99K3qblw/o.jpg,5225.32135503394
RNsldUTu1LKKcRZYPw3gjA,Kapitan,kapitan-chicago-2,4.3,143,No especificado,"Asian Fusion, Malaysian, Singaporean","2142 N Clybourn Ave, Chicago, IL 60614",Chicago,IL,60614,US,+17736612281,(773) 661-2281,False,https://www.yelp.com/biz/kapitan-chicago-2?adjust_creative=GWOCZh9-BmZxtdsAjr7Gug&utm_campaign=yelp_api_v3&utm_medium=api_v3_business_search&utm_source=GWOCZh9-BmZxtdsAjr7Gug,https://s3-media0.fl.yelpcdn.com/bphoto/b4gIC95VQryNqSQRtHn7YQ/o.jpg,2068.9456273891265
lrwkR8IVohWQM551BUYcZQ,Superkhana International,superkhana-international-chicago,4.3,221,$$,Indian,"3059 W Diversey Ave, Chicago, IL 60647",Chicago,IL,60647,US,+17736619028,(773) 661-9028,False,https://www.yelp.com/biz/superkhana-international-chicago?adjust_creative=GWOCZh9-BmZxtdsAjr7Gug&utm_campaign=yelp_api_v3&utm_medium=api_v3_business_search&utm_source=GWOCZh9-BmZxtdsAjr7Gug,https://s3-media0.fl.yelpcdn.com/bphoto/0XZ9Y8iALQvQnDgDumV2rg/o.jpg,3707.939010533604
90-6FQYDxKp516WnO_jMpg,Galit,galit-chicago,4.2,509,$$$$,"Mediterranean, Middle Eastern, Vegetarian","2429 N Lincoln Ave, Chicago, IL 60614",Chicago,IL,60614,US,+17733608755,(773) 360-8755,False,https://www.yelp.com/biz/galit-chicago?adjust_creative=GWOCZh9-BmZxtdsAjr7Gug&utm_campaign=yelp_api_v3&utm_medium=api_v3_business_search&utm_source=GWOCZh9-BmZxtdsAjr7Gug,https://s3-media0.fl.yelpcdn.com/bphoto/jINOE0OdU4ctRxfZW-X67A/o.jpg,3291.0352127408637
6W7GXCT5CLSN6riQlmSe2w,3 Asian Sisters,3-asian-sisters-chicago,4.9,22,No especificado,Vietnamese,"818 West Fullerton Ave, Chicago, IL 60614",Chicago,IL,60614,US,+13129550011,(312) 955-0011,False,https://www.yelp.com/biz/3-asian-sisters-chicago?adjust_creative=GWOCZh9-BmZxtdsAjr7Gug&utm_campaign=yelp_api_v3&utm_medium=api_v3_business_search&utm_source=GWOCZh9-BmZxtdsAjr7Gug,https://s3-media0.fl.yelpcdn.com/bphoto/UkbU1IAtGpbsac0uEYo8tQ/o.jpg,3237.978007996088
VH6O_2qSPkTme_s-1Y1nXQ,Trike Noodle,trike-noodle-chicago,4.5,180,$$,"Thai, Asian Fusion","2339 N Milwaukee Ave, Chicago, IL 60647",Chicago,IL,60647,US,+17733608288,(773) 360-8288,False,https://www.yelp.com/biz/trike-noodle-chicago?adjust_creative=GWOCZh9-BmZxtdsAjr7Gug&utm_campaign=yelp_api_v3&utm_medium=api_v3_business_search&utm_source=GWOCZh9-BmZxtdsAjr7Gug,https://s3-media0.fl.yelpcdn.com/bphoto/B4gkadXkjXOO0V4sPsFuZQ/o.jpg,2689.977555105013
U9D0vqEP4QrJfJYs8mr3DA,Oiistar,oiistar-chicago,4.2,1201,$$,"Asian Fusion, Ramen","1385 N Milwaukee Ave, Chicago, IL 60622",Chicago,IL,60622,US,+17733608791,(773) 360-8791,False,https://www.yelp.com/biz/oiistar-chicago?adjust_creative=GWOCZh9-BmZxtdsAjr7Gug&utm_campaign=yelp_api_v3&utm_medium=api_v3_business_search&utm_source=GWOCZh9-BmZxtdsAjr7Gug,https://s3-media0.fl.yelpcdn.com/bphoto/BGAE5fADp08ynuorOJXMSw/o.jpg,508.6096453056366
4wmRu3bpaSpW999SHGK34g,Sterling Food Hall,sterling-food-hall-chicago,4.2,524,$$,Food Court,"125 S Clark St, Chicago, IL 60603",Chicago,IL,60603,US,+13122783040,(312) 278-3040,False,https://www.yelp.com/biz/sterling-food-hall-chicago?adjust_creative=GWOCZh9-BmZxtdsAjr7Gug&utm_campaign=yelp_api_v3&utm_medium=api_v3_business_search&utm_source=GWOCZh9-BmZxtdsAjr7Gug,https://s3-media0.fl.yelpcdn.com/bphoto/RWYR3SXqHzAn15b-pUe_Aw/o.jpg,4829.668292426752
nO8Yrt4l4JLSvCAkkwrk1Q,Gyu-Kaku Japanese BBQ,gyu-kaku-japanese-bbq-chicago,4.2,1991,$$,"Japanese, Barbeque, Asian Fusion","210 E Ohio St, Chicago, IL 60611",Chicago,IL,60611,US,+18723273323,(872) 327-3323,False,https://www.yelp.com/biz/gyu-kaku-japanese-bbq-chicago?adjust_creative=GWOCZh9-BmZxtdsAjr7Gug&utm_campaign=yelp_api_v3&utm_medium=api_v3_business_search&utm_source=GWOCZh9-BmZxtdsAjr7Gug,https://s3-media0.fl.yelpcdn.com/bphoto/-Kvnw2I-Ssa-Qr5vx-ASxQ/o.jpg,4798.190961095987
oFpi7EtXFUbzb1QfDLk2JA,Le Sud Mediterranean Kitchen,le-sud-mediterranean-kitchen-chicago,4.3,364,$$$,"Mediterranean, French, Brasseries","2301 W Roscoe St, Chicago, IL 60618",Chicago,IL,60618,US,+17738571985,(773) 857-1985,False,https://www.yelp.com/biz/le-sud-mediterranean-kitchen-chicago?adjust_creative=GWOCZh9-BmZxtdsAjr7Gug&utm_campaign=yelp_api_v3&utm_medium=api_v3_business_search&utm_source=GWOCZh9-BmZxtdsAjr7Gug,https://s3-media0.fl.yelpcdn.com/bphoto/pNNTHbjn5nurjwIMH2GTlw/o.jpg,4235.337196837565
Ki9_2R3o8kGtOBfJh1nrWg,Hiro Izakaya,hiro-izakaya-chicago,4.1,15,No especificado,"Bars, Izakaya","1600 W Chicago Ave, Chicago, IL 60622",Chicago,IL,60622,US,,,False,https://www.yelp.com/biz/hiro-izakaya-chicago?adjust_creative=GWOCZh9-BmZxtdsAjr7Gug&utm_campaign=yelp_api_v3&utm_medium=api_v3_business_search&utm_source=GWOCZh9-BmZxtdsAjr7Gug,https://s3-media0.fl.yelpcdn.com/bphoto/bYOO7RruxV9Tl3Hv-ZDAYg/o.jpg,1306.783406794541
Bg7IkuTlqVh_Ezik1gA7yg,Siam Thai Eatery,siam-thai-eatery-chicago,4.4,83,No especificado,Thai,"1329 S Michigan Ave, Chicago, IL 60605",Chicago,IL,60605,US,+13127636193,(312) 763-6193,False,https://www.yelp.com/biz/siam-thai-eatery-chicago?adjust_creative=GWOCZh9-BmZxtdsAjr7Gug&utm_campaign=yelp_api_v3&utm_medium=api_v3_business_search&utm_source=GWOCZh9-BmZxtdsAjr7Gug,https://s3-media0.fl.yelpcdn.com/bphoto/zHu_n1tnmvUPZukCyM_nig/o.jpg,6326.630188627601
oSI2djSdl7KjNGwb7PDWCg,Lao Peng You,lao-peng-you-chicago,4.2,372,$$,Chinese,"2020 W Chicago Ave, Chicago, IL 60622",Chicago,IL,60622,US,+18722068624,(872) 206-8624,False,https://www.yelp.com/biz/lao-peng-you-chicago?adjust_creative=GWOCZh9-BmZxtdsAjr7Gug&utm_campaign=yelp_api_v3&utm_medium=api_v3_business_search&utm_source=GWOCZh9-BmZxtdsAjr7Gug,https://s3-media0.fl.yelpcdn.com/bphoto/IDjk5yLfYfNFtH-ed6VtNQ/o.jpg,1020.1332858588308
